범죄분류,처분결과,범행동기,부모관계,생활정도,정신상태,전과여부,직업,교육정도
절도,검찰송치,경제적,불화,하,정상,있음,학생,중졸
절도,검찰송치,경제적,불화,하,정상,있음,학생,중졸
절도,검찰송치,경제적,불화,하,정상,있음,학생,중졸
절도,검찰송치,경제적,불화,중,정상,있음,학생,중졸
절도,검찰송치,경제적,불화,중,정상,있음,학생,중졸
절도,검찰송치,경제적,불화,하,정상,있음,학생,중졸
절도,검찰송치,경제적,불화,하,정상,있음,학생,중졸
절도,검찰송치,경제적,불화,하,정상,있음,학생,중졸
절도,검찰송치,경제적,불화,하,정상,있음,학생,중졸
절도,검찰송치,경제적,불화,중,정상,있음,학생,중졸
절도,검찰송치,경제적,불화,중,정상,있음,학생,중졸
절도,검찰송치,경제적,불화,하,정상,있음,학생,중졸
절도,검찰송치,경제적,불화,하,정상,있음,학생,중졸
절도,검찰송치,경제적,불화,하,정상,있음,학생,중졸
절도,검찰송치,경제적,불화,하,정상,있음,학생,중졸
절도,검찰송치,경제적,불화,하,정상,있음,학생,중졸
절도,검찰송치,경제적,불화,중,정상,있음,학생,중졸
절도,검찰송치,경제적,불화,하,정상,있음,학생,중졸
절도,검찰송치,경제적,불화,하,정상,있음,학생,중졸
절도,검찰송치,경제적,불화,중,정상,있음,학생,중졸
절도,검찰송치,경제적,불화,중,정상,있음,학생,중졸
절도,검찰송치,경제적,불화,하,정상,있음,학생,중졸
절도,검찰송치,경제적,불화,하,정상,있음,학생,중졸
절도,검찰송치,경제적,불화,중,정상,있음,학생,중졸
절도,검찰송치,경제적,불화,하,정상,있음,학생,중졸
절도,검찰송치,경제적,불화,하,정상,있음,학생,중졸
절도,검찰송치,경제적,불화,하,정상,있음,학생,중졸
절도,검찰송치,경제적,불화,하,정상,있음,학생,중졸
절도,검찰송치,경제적,불화,하,정상,있음,학생,중졸
절도,검찰송치,경제적,불화,하,정상,있음,학생,중졸
절도,검찰송치,경제적,불화,하,정상,있음,학생,중졸
절도,검찰송치,경제적,불화,중,정상,있음,학생,중졸
절도,검찰송치,경제적,불화,하,정상,있음,학생,중졸
절도,검찰송치,경제적,불화,하,정상,있음,학생,중졸
절도,검찰송치,경제적,불화,하,정상,있음,학생,중졸
절도,검찰송치,경제적,불화,하,정상,있음,학생,중졸
절도,검찰송치,경제적,불화,하,정상,있음,학생,중졸
절도,검찰송치,경제적,불화,중,정상,있음,학생,중졸
절도,검찰송치,경제적,불화,하,정상,있음,학생,중졸
절도,검찰송치,경제적,불화,하,정상,있음,학생,중졸
절도,검찰송치,경제적,불화,중,정상,있음,학생,중졸
절도,검찰송치,경제적,불화,하,정상,있음,학생,중졸
절도,검찰송치,경제적,불화,하,정상,있음,학생,중졸
절도,검찰송치,경제적,불화,하,정상,있음,학생,중졸
절도,검찰송치,경제적,불화,하,정상,있음,학생,중졸
절도,검찰송치,경제적,불화,하,정상,있음,학생,중졸
절도,검찰송치,경제적,불화,하,정상,있음,학생,중졸
절도,검찰송치,경제적,불화,하,정상,있음,학생,중졸
절도,검찰송치,경제적,불화,하,정상,있음,학생,중졸
절도,검찰송치,경제적,불화,중,정상,있음,학생,중졸
절도,검찰송치,경제적,불화,하,정상,있음,학생,중졸
절도,검찰송치,경제적,불화,중,정상,있음,학생,중졸
절도,검찰송치,경제적,불화,중,정상,있음,학생,중졸
절도,검찰송치,경제적,불화,하,정상,있음,학생,중졸
절도,검찰송치,경제적,불화,하,정상,있음,학생,중졸
절도,검찰송치,경제적,불화,하,정상,있음,학생,중졸
절도,검찰송치,경제적,불화,하,정상,있음,학생,중졸
절도,검찰송치,경제적,불화,하,정상,있음,학생,중졸
절도,검찰송치,경제적,불화,하,정상,있음,학생,중졸
절도,검찰송치,경제적,불화,하,정상,있음,학생,중졸
절도,검찰송치,경제적,불화,하,정상,있음,학생,중졸
절도,검찰송치,경제적,불화,하,정상,있음,학생,중졸
절도,검찰송치,경제적,불화,하,정상,있음,학생,중졸
절도,검찰송치,경제적,불화,하,정상,있음,학생,중졸
절도,검찰송치,경제적,불화,중,정상,있음,학생,중졸
절도,검찰송치,경제적,불화,하,정상,있음,학생,중졸
절도,검찰송치,경제적,불화,하,정상,있음,학생,중졸
절도,검찰송치,경제적,불화,하,정상,있음,학생,중졸
절도,검찰송치,경제적,불화,하,정상,있음,학생,중졸
절도,소년보호송치,경제적,불화,중,정상,있음,학생,중졸
절도,소년보호송치,경제적,불화,하,정상,있음,학생,중졸
절도,소년보호송치,경제적,불화,하,정상,있음,학생,중졸
절도,소년보호송치,경제적,불화,하,정상,있음,학생,중졸
절도,소년보호송치,경제적,불화,하,정상,있음,학생,중졸
절도,소년보호송치,경제적,불화,하,정상,있음,학생,중졸
절도,소년보호송치,경제적,불화,중,정상,있음,학생,중졸
절도,소년보호송치,경제적,불화,하,정상,있음,학생,중졸
절도,소년보호송치,경제적,불화,하,정상,있음,학생,중졸
절도,소년보호송치,경제적,불화,하,정상,있음,학생,중졸
절도,소년보호송치,경제적,불화,하,정상,있음,학생,중졸
절도,소년보호송치,경제적,불화,하,정상,있음,학생,중졸
절도,소년보호송치,경제적,불화,하,정상,있음,학생,중졸
절도,소년보호송치,경제적,불화,중,정상,있음,학생,중졸
절도,소년보호송치,경제적,불화,하,정상,있음,학생,중졸
절도,소년보호송치,경제적,불화,중,정상,있음,학생,중졸
절도,소년보호송치,경제적,불화,하,정상,있음,학생,중졸
절도,소년보호송치,경제적,불화,하,정상,있음,학생,중졸
절도,소년보호송치,경제적,불화,하,정상,있음,학생,중졸
절도,소년보호송치,경제적,불화,하,정상,있음,학생,중졸
절도,소년보호송치,경제적,불화,하,정상,있음,학생,중졸
절도,소년보호송치,경제적,불화,중,정상,있음,학생,중졸
절도,소년보호송치,경제적,불화,하,정상,있음,학생,중졸
절도,소년보호송치,경제적,불화,하,정상,있음,학생,중졸
절도,소년보호송치,경제적,불화,중,정상,있음,학생,중졸
절도,소년보호송치,경제적,불화,하,정상,있음,학생,중졸
절도,소년보호송치,경제적,불화,하,정상,있음,학생,중졸
절도,소년보호송치,경제적,불화,하,정상,있음,학생,중졸
절도,소년보호송치,경제적,불화,중,정상,있음,학생,중졸
절도,소년보호송치,경제적,불화,하,정상,있음,학생,중졸
절도,소년보호송치,경제적,불화,하,정상,있음,학생,중졸
절도,소년보호송치,경제적,불화,중,정상,있음,학생,중졸
절도,소년보호송치,경제적,불화,중,정상,있음,학생,중졸
절도,소년보호송치,경제적,불화,하,정상,있음,학생,중졸
절도,소년보호송치,경제적,불화,하,정상,있음,학생,중졸
절도,소년보호송치,경제적,불화,하,정상,있음,학생,중졸
절도,소년보호송치,경제적,불화,하,정상,있음,학생,중졸
절도,소년보호송치,경제적,불화,하,정상,있음,학생,중졸
절도,소년보호송치,경제적,불화,하,정상,있음,학생,중졸
절도,소년보호송치,경제적,불화,중,정상,있음,학생,중졸
절도,소년보호송치,경제적,불화,중,정상,있음,학생,중졸
절도,소년보호송치,경제적,불화,하,정상,있음,학생,중졸
절도,소년보호송치,경제적,불화,하,정상,있음,학생,중졸
절도,소년보호송치,경제적,불화,중,정상,있음,학생,중졸
절도,소년보호송치,경제적,불화,중,정상,있음,학생,중졸
절도,소년보호송치,경제적,불화,중,정상,있음,학생,중졸
절도,소년보호송치,경제적,불화,하,정상,있음,학생,중졸
절도,소년보호송치,경제적,불화,하,정상,있음,학생,중졸
절도,소년보호송치,경제적,불화,하,정상,있음,학생,중졸
절도,소년보호송치,경제적,불화,중,정상,있음,학생,중졸
절도,소년보호송치,경제적,불화,하,정상,있음,학생,중졸
절도,소년보호송치,경제적,불화,하,정상,있음,학생,중졸
절도,소년보호송치,경제적,불화,중,정상,있음,학생,중졸
절도,소년보호송치,경제적,불화,하,정상,있음,학생,중졸
절도,소년보호송치,경제적,불화,하,정상,있음,학생,중졸
절도,소년보호송치,경제적,불화,하,정상,있음,학생,중졸
절도,소년보호송치,경제적,불화,하,정상,있음,학생,중졸
절도,소년보호송치,경제적,불화,중,정상,있음,학생,중졸
절도,소년보호송치,경제적,불화,하,정상,있음,학생,중졸
절도,소년보호송치,경제적,불화,중,정상,있음,학생,중졸
절도,소년보호송치,경제적,불화,하,정상,있음,학생,중졸
절도,소년보호송치,경제적,불화,중,정상,있음,학생,중졸
절도,소년보호송치,경제적,불화,하,정상,있음,학생,중졸
절도,소년보호송치,경제적,불화,하,정상,있음,학생,중졸
절도,소년보호송치,경제적,불화,하,정상,있음,학생,중졸
절도,소년보호송치,경제적,불화,하,정상,있음,학생,중졸
절도,소년보호송치,경제적,불화,하,정상,있음,학생,중졸
절도,소년보호송치,경제적,불화,중,정상,있음,학생,중졸
절도,소년보호송치,경제적,불화,하,정상,있음,학생,중졸
절도,소년보호송치,경제적,불화,하,정상,있음,학생,중졸
절도,소년보호송치,경제적,불화,하,정상,있음,학생,중졸
절도,소년보호송치,경제적,불화,하,정상,있음,학생,중졸
절도,소년보호송치,경제적,불화,하,정상,있음,학생,중졸
절도,소년보호송치,경제적,불화,중,정상,있음,학생,중졸
절도,소년보호송치,경제적,불화,중,정상,있음,학생,중졸
절도,소년보호송치,경제적,불화,하,정상,있음,학생,중졸
절도,소년보호송치,경제적,불화,하,정상,있음,학생,중졸
절도,소년보호송치,경제적,불화,하,정상,있음,학생,중졸
절도,소년보호송치,경제적,불화,하,정상,있음,학생,중졸
절도,소년보호송치,경제적,불화,하,정상,있음,학생,중졸
절도,소년보호송치,경제적,불화,중,정상,있음,학생,중졸
절도,소년보호송치,경제적,불화,중,정상,있음,학생,중졸
절도,소년보호송치,경제적,불화,중,정상,있음,학생,중졸
절도,소년보호송치,경제적,불화,하,정상,있음,학생,중졸
절도,소년보호송치,경제적,불화,중,정상,있음,학생,중졸
절도,소년보호송치,경제적,불화,중,정상,있음,학생,중졸
절도,소년보호송치,경제적,불화,하,정상,있음,학생,중졸
절도,소년보호송치,경제적,불화,하,정상,있음,학생,중졸
절도,소년보호송치,경제적,불화,하,정상,있음,학생,중졸
절도,소년보호송치,경제적,불화,하,정상,있음,학생,중졸
절도,소년보호송치,경제적,불화,하,정상,있음,학생,중졸
절도,소년보호송치,경제적,불화,하,정상,있음,학생,중졸
절도,소년보호송치,경제적,불화,하,정상,있음,학생,중졸
절도,소년보호송치,경제적,불화,하,정상,있음,학생,중졸
절도,소년보호송치,경제적,불화,하,정상,있음,학생,중졸
절도,소년보호송치,경제적,불화,하,정상,있음,학생,중졸
절도,소년보호송치,경제적,불화,하,정상,있음,학생,중졸
절도,소년보호송치,경제적,불화,하,정상,있음,학생,중졸
절도,소년보호송치,경제적,불화,하,정상,있음,학생,중졸
절도,소년보호송치,경제적,불화,중,정상,있음,학생,중졸
절도,소년보호송치,경제적,불화,하,정상,있음,학생,중졸
절도,소년보호송치,경제적,불화,하,정상,있음,학생,중졸
절도,소년보호송치,경제적,불화,하,정상,있음,학생,중졸
절도,소년보호송치,경제적,불화,하,정상,있음,학생,중졸
절도,소년보호송치,경제적,불화,하,정상,있음,학생,중졸
절도,소년보호송치,경제적,불화,하,정상,있음,학생,중졸
절도,소년보호송치,경제적,불화,하,정상,있음,학생,중졸
절도,소년보호송치,경제적,불화,중,정상,있음,학생,중졸
절도,소년보호송치,경제적,불화,하,정상,있음,학생,중졸
절도,소년보호송치,경제적,불화,하,정상,있음,학생,중졸
절도,소년보호송치,경제적,불화,하,정상,있음,학생,중졸
절도,소년보호송치,경제적,불화,하,정상,있음,학생,중졸
절도,소년보호송치,경제적,불화,하,정상,있음,학생,중졸
절도,소년보호송치,경제적,불화,하,정상,있음,학생,중졸
절도,소년보호송치,경제적,불화,하,정상,있음,학생,중졸
절도,소년보호송치,경제적,불화,중,정상,있음,학생,중졸
절도,소년보호송치,경제적,불화,하,정상,있음,학생,중졸
절도,소년보호송치,경제적,불화,하,정상,있음,학생,중졸
절도,소년보호송치,경제적,불화,하,정상,있음,학생,중졸
절도,소년보호송치,경제적,불화,하,정상,있음,학생,중졸
절도,소년보호송치,경제적,불화,하,정상,있음,학생,중졸
절도,소년보호송치,경제적,불화,하,정상,있음,학생,중졸
절도,소년보호송치,경제적,불화,하,정상,있음,학생,중졸
절도,소년보호송치,경제적,불화,하,정상,있음,학생,중졸
절도,소년보호송치,경제적,불화,중,정상,있음,학생,중졸
절도,소년보호송치,경제적,불화,하,정상,있음,학생,중졸
절도,소년보호송치,경제적,불화,하,정상,있음,학생,중졸
절도,소년보호송치,경제적,불화,하,정상,있음,학생,중졸
절도,소년보호송치,경제적,불화,하,정상,있음,학생,중졸
절도,소년보호송치,경제적,불화,하,정상,있음,학생,중졸
절도,소년보호송치,경제적,불화,하,정상,있음,학생,중졸
절도,소년보호송치,경제적,불화,하,정상,있음,학생,중졸
절도,소년보호송치,경제적,불화,하,정상,있음,학생,중졸
절도,소년보호송치,경제적,불화,하,정상,있음,학생,중졸
절도,소년보호송치,경제적,불화,하,정상,있음,학생,중졸
절도,소년보호송치,경제적,불화,중,정상,있음,학생,중졸
절도,소년보호송치,경제적,불화,중,정상,있음,학생,중졸
절도,소년보호송치,경제적,불화,하,정상,있음,학생,중졸
절도,소년보호송치,경제적,불화,하,정상,있음,학생,중졸
절도,소년보호송치,경제적,불화,하,정상,있음,학생,중졸
절도,소년보호송치,경제적,불화,하,정상,있음,학생,중졸
절도,소년보호송치,경제적,불화,하,정상,있음,학생,중졸
절도,소년보호송치,경제적,불화,하,정상,있음,학생,중졸
절도,소년보호송치,경제적,불화,하,정상,있음,학생,중졸
절도,소년보호송치,경제적,불화,하,정상,있음,학생,중졸
절도,소년보호송치,경제적,불화,하,정상,있음,학생,중졸
절도,소년보호송치,경제적,불화,하,정상,있음,학생,중졸
절도,소년보호송치,경제적,불화,하,정상,있음,학생,중졸
절도,소년보호송치,경제적,불화,하,정상,있음,학생,중졸
절도,소년보호송치,경제적,불화,하,정상,있음,학생,중졸
절도,소년보호송치,경제적,불화,하,정상,있음,학생,중졸
절도,소년보호송치,경제적,불화,중,정상,있음,학생,중졸
절도,소년보호송치,경제적,불화,중,정상,있음,학생,중졸
절도,소년보호송치,경제적,불화,중,정상,있음,학생,중졸
절도,소년보호송치,경제적,불화,중,정상,있음,학생,중졸
절도,소년보호송치,경제적,불화,하,정상,있음,학생,중졸
절도,소년보호송치,경제적,불화,하,정상,있음,학생,중졸
절도,소년보호송치,경제적,불화,하,정상,있음,학생,중졸
절도,소년보호송치,경제적,불화,하,정상,있음,학생,중졸
절도,소년보호송치,경제적,불화,하,정상,있음,학생,중졸
절도,소년보호송치,경제적,불화,하,정상,있음,학생,중졸
절도,소년보호송치,경제적,불화,하,정상,있음,학생,중졸
절도,소년보호송치,경제적,불화,하,정상,있음,학생,중졸
절도,소년보호송치,경제적,불화,하,정상,있음,학생,중졸
절도,소년보호송치,경제적,불화,하,정상,있음,학생,중졸
절도,소년보호송치,경제적,불화,하,정상,있음,학생,중졸
절도,소년보호송치,경제적,불화,하,정상,있음,학생,중졸
절도,소년보호송치,경제적,불화,하,정상,있음,학생,중졸
절도,소년보호송치,경제적,불화,하,정상,있음,학생,중졸
절도,소년보호송치,경제적,불화,중,정상,있음,학생,중졸
절도,소년보호송치,경제적,불화,하,정상,있음,학생,중졸
절도,소년보호송치,경제적,불화,하,정상,있음,학생,중졸
절도,소년보호송치,경제적,불화,하,정상,있음,학생,중졸
절도,소년보호송치,경제적,불화,하,정상,있음,학생,중졸
절도,소년보호송치,경제적,불화,하,정상,있음,학생,중졸
절도,소년보호송치,경제적,불화,하,정상,있음,학생,중졸
절도,소년보호송치,경제적,불화,하,정상,있음,학생,중졸
절도,소년보호송치,경제적,불화,하,정상,있음,학생,중졸
절도,소년보호송치,경제적,불화,하,정상,있음,학생,중졸
절도,소년보호송치,경제적,불화,하,정상,있음,학생,중졸
절도,소년보호송치,경제적,불화,하,정상,있음,학생,중졸
절도,소년보호송치,경제적,불화,하,정상,있음,학생,중졸
절도,소년보호송치,경제적,불화,하,정상,있음,학생,중졸
절도,소년보호송치,경제적,불화,하,정상,있음,학생,중졸
절도,소년보호송치,경제적,불화,하,정상,있음,학생,중졸
절도,소년보호송치,경제적,불화,하,정상,있음,학생,중졸
절도,소년보호송치,경제적,불화,하,정상,있음,학생,중졸
절도,소년보호송치,경제적,불화,하,정상,있음,학생,중졸
절도,소년보호송치,경제적,불화,중,정상,있음,학생,중졸
절도,소년보호송치,경제적,불화,하,정상,있음,학생,중졸
절도,소년보호송치,경제적,불화,하,정상,있음,학생,중졸
절도,소년보호송치,경제적,불화,하,정상,있음,학생,중졸
절도,소년보호송치,경제적,불화,하,정상,있음,학생,중졸
절도,소년보호송치,경제적,불화,하,정상,있음,학생,중졸
절도,소년보호송치,경제적,불화,중,정상,있음,학생,중졸
절도,소년보호송치,경제적,불화,하,정상,있음,학생,중졸
절도,소년보호송치,경제적,불화,하,정상,있음,학생,중졸
절도,소년보호송치,경제적,불화,하,정상,있음,학생,중졸
절도,소년보호송치,경제적,불화,하,정상,있음,학생,중졸
절도,소년보호송치,경제적,불화,하,정상,있음,학생,중졸
절도,소년보호송치,경제적,불화,하,정상,있음,학생,중졸
절도,소년보호송치,경제적,불화,하,정상,있음,학생,중졸
절도,소년보호송치,경제적,불화,하,정상,있음,학생,중졸
절도,소년보호송치,경제적,불화,하,정상,있음,학생,중졸
절도,소년보호송치,경제적,불화,하,정상,있음,학생,중졸
절도,소년보호송치,경제적,불화,중,정상,있음,학생,중졸
절도,소년보호송치,경제적,불화,하,정상,있음,학생,중졸
절도,소년보호송치,경제적,불화,하,정상,있음,학생,중졸
절도,소년보호송치,경제적,불화,하,정상,있음,학생,중졸
절도,소년보호송치,경제적,불화,중,정상,있음,학생,중졸
절도,소년보호송치,경제적,불화,하,정상,있음,학생,중졸
절도,소년보호송치,경제적,불화,하,정상,있음,학생,중졸
절도,소년보호송치,경제적,불화,하,정상,있음,학생,중졸
절도,소년보호송치,경제적,불화,중,정상,있음,학생,중졸
절도,소년보호송치,경제적,불화,하,정상,있음,학생,중졸
절도,소년보호송치,경제적,불화,중,정상,있음,학생,중졸
절도,소년보호송치,경제적,불화,하,정상,있음,학생,중졸
절도,소년보호송치,경제적,불화,하,정상,있음,학생,중졸
절도,소년보호송치,경제적,불화,하,정상,있음,학생,중졸
절도,소년보호송치,경제적,불화,중,정상,있음,학생,중졸
절도,소년보호송치,경제적,불화,중,정상,있음,학생,중졸
절도,소년보호송치,경제적,불화,하,정상,있음,학생,중졸
절도,소년보호송치,경제적,불화,하,정상,있음,학생,중졸
절도,소년보호송치,경제적,불화,하,정상,있음,학생,중졸
절도,소년보호송치,경제적,불화,하,정상,있음,학생,중졸
절도,소년보호송치,경제적,불화,하,정상,있음,학생,중졸
절도,소년보호송치,경제적,불화,하,정상,있음,학생,중졸
절도,소년보호송치,경제적,불화,하,정상,있음,학생,중졸
절도,소년보호송치,경제적,불화,중,정상,있음,학생,중졸
절도,소년보호송치,경제적,불화,하,정상,있음,학생,중졸
절도,소년보호송치,경제적,불화,하,정상,있음,학생,중졸
절도,소년보호송치,경제적,불화,중,정상,있음,학생,중졸
절도,소년보호송치,경제적,불화,중,정상,있음,학생,중졸
절도,소년보호송치,경제적,불화,중,정상,있음,학생,중졸
절도,소년보호송치,경제적,불화,하,정상,있음,학생,중졸
절도,소년보호송치,경제적,불화,하,정상,있음,학생,중졸
절도,소년보호송치,경제적,불화,하,정상,있음,학생,중졸
절도,소년보호송치,경제적,불화,중,정상,있음,학생,중졸
절도,소년보호송치,경제적,불화,중,정상,있음,학생,중졸
절도,소년보호송치,경제적,불화,하,정상,있음,학생,중졸
절도,소년보호송치,경제적,불화,하,정상,있음,학생,중졸
절도,소년보호송치,경제적,불화,하,정상,있음,학생,중졸
절도,소년보호송치,경제적,불화,중,정상,있음,학생,중졸
절도,소년보호송치,경제적,불화,하,정상,있음,학생,중졸
절도,소년보호송치,경제적,불화,하,정상,있음,학생,중졸
절도,소년보호송치,경제적,불화,하,정상,있음,학생,중졸
절도,소년보호송치,경제적,불화,하,정상,있음,학생,중졸
절도,소년보호송치,경제적,불화,하,정상,있음,학생,중졸
절도,소년보호송치,경제적,불화,중,정상,있음,학생,중졸
절도,소년보호송치,경제적,불화,하,정상,있음,학생,중졸
절도,소년보호송치,경제적,불화,하,정상,있음,학생,중졸
절도,소년보호송치,경제적,불화,하,정상,있음,학생,중졸
절도,소년보호송치,경제적,불화,하,정상,있음,학생,중졸
절도,소년보호송치,경제적,불화,하,정상,있음,학생,중졸
절도,소년보호송치,경제적,불화,하,정상,있음,학생,중졸
절도,소년보호송치,경제적,불화,하,정상,있음,학생,중졸
절도,소년보호송치,경제적,불화,하,정상,있음,학생,중졸
절도,소년보호송치,경제적,불화,하,정상,있음,학생,중졸
절도,소년보호송치,경제적,불화,하,정상,있음,학생,중졸
절도,소년보호송치,경제적,불화,하,정상,있음,학생,중졸
절도,소년보호송치,경제적,불화,하,정상,있음,학생,중졸
절도,소년보호송치,경제적,불화,하,정상,있음,학생,중졸
절도,소년보호송치,경제적,불화,중,정상,있음,학생,중졸
절도,소년보호송치,경제적,불화,하,정상,있음,학생,중졸
절도,소년보호송치,경제적,불화,하,정상,있음,학생,중졸
절도,소년보호송치,경제적,불화,하,정상,있음,학생,중졸
절도,소년보호송치,경제적,불화,하,정상,있음,학생,중졸
절도,소년보호송치,경제적,불화,하,정상,있음,학생,중졸
절도,소년보호송치,경제적,불화,하,정상,있음,학생,중졸
절도,소년보호송치,경제적,불화,하,정상,있음,학생,중졸
절도,소년보호송치,경제적,불화,하,정상,있음,학생,중졸
절도,소년보호송치,경제적,불화,하,정상,있음,학생,중졸
절도,소년보호송치,경제적,불화,중,정상,있음,학생,중졸
절도,소년보호송치,경제적,불화,하,정상,있음,학생,중졸
절도,소년보호송치,경제적,불화,하,정상,있음,학생,중졸
절도,소년보호송치,경제적,불화,하,정상,있음,학생,중졸
절도,소년보호송치,경제적,불화,하,정상,있음,학생,중졸
절도,소년보호송치,경제적,불화,중,정상,있음,학생,중졸
절도,소년보호송치,경제적,불화,하,정상,있음,학생,중졸
절도,소년보호송치,경제적,불화,중,정상,있음,학생,중졸
절도,소년보호송치,경제적,불화,하,정상,있음,학생,중졸
절도,소년보호송치,경제적,불화,하,정상,있음,학생,중졸
절도,소년보호송치,경제적,불화,하,정상,있음,학생,중졸
절도,소년보호송치,경제적,불화,하,정상,있음,학생,중졸
절도,소년보호송치,경제적,불화,하,정상,있음,학생,중졸
절도,소년보호송치,경제적,불화,하,정상,있음,학생,중졸
절도,소년보호송치,경제적,불화,하,정상,있음,학생,중졸
절도,소년보호송치,경제적,불화,중,정상,있음,학생,중졸
절도,소년보호송치,경제적,불화,하,정상,있음,학생,중졸
절도,소년보호송치,경제적,불화,하,정상,있음,학생,중졸
절도,소년보호송치,경제적,불화,하,정상,있음,학생,중졸
절도,소년보호송치,경제적,불화,하,정상,있음,학생,중졸
절도,소년보호송치,경제적,불화,하,정상,있음,학생,중졸
절도,소년보호송치,경제적,불화,하,정상,있음,학생,중졸
절도,소년보호송치,경제적,불화,중,정상,있음,학생,중졸
절도,소년보호송치,경제적,불화,하,정상,있음,학생,중졸
절도,소년보호송치,경제적,불화,하,정상,있음,학생,중졸
절도,소년보호송치,경제적,불화,하,정상,있음,학생,중졸
절도,소년보호송치,경제적,불화,하,정상,있음,학생,중졸
절도,소년보호송치,경제적,불화,하,정상,있음,학생,중졸
절도,소년보호송치,경제적,불화,하,정상,있음,학생,중졸
절도,소년보호송치,경제적,불화,하,정상,있음,학생,중졸
절도,소년보호송치,경제적,불화,하,정상,있음,학생,중졸
절도,소년보호송치,경제적,불화,하,정상,있음,학생,중졸
절도,소년보호송치,경제적,불화,하,정상,있음,학생,중졸
절도,소년보호송치,경제적,불화,하,정상,있음,학생,중졸
절도,소년보호송치,경제적,불화,하,정상,있음,학생,중졸
절도,소년보호송치,경제적,불화,하,정상,있음,학생,중졸
절도,소년보호송치,경제적,불화,하,정상,있음,학생,중졸
절도,소년보호송치,경제적,불화,하,정상,있음,학생,중졸
절도,소년보호송치,경제적,불화,하,정상,있음,학생,중졸
절도,소년보호송치,경제적,불화,하,정상,있음,학생,중졸
절도,소년보호송치,경제적,불화,하,정상,있음,학생,중졸
절도,소년보호송치,경제적,불화,하,정상,있음,학생,중졸
절도,소년보호송치,경제적,불화,하,정상,있음,학생,중졸
절도,소년보호송치,경제적,불화,중,정상,있음,학생,중졸
절도,소년보호송치,경제적,불화,하,정상,있음,학생,중졸
절도,소년보호송치,경제적,불화,하,정상,있음,학생,중졸
절도,소년보호송치,경제적,불화,하,정상,있음,학생,중졸
절도,소년보호송치,경제적,불화,하,정상,있음,학생,중졸
절도,소년보호송치,경제적,불화,하,정상,있음,학생,중졸
절도,소년보호송치,경제적,불화,하,정상,있음,학생,중졸
절도,소년보호송치,경제적,불화,하,정상,있음,학생,중졸
절도,소년보호송치,경제적,불화,하,정상,있음,학생,중졸
절도,소년보호송치,경제적,불화,하,정상,있음,학생,중졸
절도,소년보호송치,경제적,불화,중,정상,있음,학생,중졸
절도,소년보호송치,경제적,불화,하,정상,있음,학생,중졸
절도,소년보호송치,경제적,불화,하,정상,있음,학생,중졸
절도,소년보호송치,경제적,불화,하,정상,있음,학생,중졸
절도,소년보호송치,경제적,불화,하,정상,있음,학생,중졸
절도,소년보호송치,경제적,불화,중,정상,있음,학생,중졸
절도,소년보호송치,경제적,불화,하,정상,있음,학생,중졸
절도,소년보호송치,경제적,불화,하,정상,있음,학생,중졸
절도,소년보호송치,경제적,불화,하,정상,있음,학생,중졸
절도,소년보호송치,경제적,불화,하,정상,있음,학생,중졸
절도,소년보호송치,경제적,불화,하,정상,있음,학생,중졸
절도,소년보호송치,경제적,불화,중,정상,있음,학생,중졸
절도,소년보호송치,경제적,불화,하,정상,있음,학생,중졸
절도,소년보호송치,경제적,불화,하,정상,있음,학생,중졸
절도,소년보호송치,경제적,불화,하,정상,있음,학생,중졸
절도,소년보호송치,경제적,불화,하,정상,있음,학생,중졸
절도,소년보호송치,경제적,불화,하,정상,있음,학생,중졸
절도,소년보호송치,경제적,불화,중,정상,있음,학생,중졸
절도,소년보호송치,경제적,불화,중,정상,있음,학생,중졸
절도,소년보호송치,경제적,불화,하,정상,있음,학생,중졸
절도,소년보호송치,경제적,불화,하,정상,있음,학생,중졸
절도,소년보호송치,경제적,불화,하,정상,있음,학생,중졸
절도,소년보호송치,경제적,불화,중,정상,있음,학생,중졸
절도,소년보호송치,경제적,불화,하,정상,있음,학생,중졸
절도,소년보호송치,경제적,불화,중,정상,있음,학생,중졸
절도,소년보호송치,경제적,불화,중,정상,있음,학생,중졸
절도,소년보호송치,경제적,불화,하,정상,있음,학생,중졸
절도,소년보호송치,경제적,불화,하,정상,있음,학생,중졸
절도,소년보호송치,경제적,불화,하,정상,있음,학생,중졸
절도,소년보호송치,경제적,불화,하,정상,있음,학생,중졸
절도,소년보호송치,경제적,불화,하,정상,있음,학생,중졸
절도,소년보호송치,경제적,불화,하,정상,있음,학생,중졸
절도,소년보호송치,경제적,불화,하,정상,있음,학생,중졸
절도,소년보호송치,경제적,불화,하,정상,있음,학생,중졸
절도,소년보호송치,경제적,불화,하,정상,있음,학생,중졸
절도,소년보호송치,경제적,불화,하,정상,있음,학생,중졸
절도,소년보호송치,경제적,불화,하,정상,있음,학생,중졸
절도,기소유예,경제적,불화,하,정상,없음,학생,중졸
절도,기소유예,경제적,불화,하,정상,있음,학생,중졸
절도,기소유예,경제적,불화,하,정상,없음,학생,중졸
절도,기소유예,경제적,불화,하,정상,없음,학생,중졸
절도,기소유예,경제적,불화,하,정상,없음,학생,중졸
절도,기소유예,경제적,불화,중,정상,없음,학생,중졸
절도,기소유예,경제적,불화,하,정상,없음,학생,중졸
절도,기소유예,경제적,불화,하,정상,없음,학생,중졸
절도,기소유예,경제적,불화,중,정상,있음,학생,중졸
절도,기소유예,경제적,불화,하,정상,있음,학생,중졸
절도,기소유예,경제적,불화,중,정상,없음,학생,중졸
절도,기소유예,경제적,불화,하,정상,없음,학생,중졸
절도,기소유예,경제적,불화,하,정상,있음,학생,중졸
절도,기소유예,경제적,불화,하,정상,없음,학생,중졸
절도,기소유예,경제적,불화,중,정상,없음,학생,중졸
절도,기소유예,경제적,불화,하,정상,없음,학생,중졸
절도,기소유예,경제적,불화,하,정상,없음,학생,중졸
절도,기소유예,경제적,불화,하,정상,없음,학생,중졸
절도,기소유예,경제적,불화,하,정상,없음,학생,중졸
절도,기소유예,경제적,불화,하,정상,없음,학생,중졸
절도,기소유예,경제적,불화,하,정상,없음,학생,중졸
절도,기소유예,경제적,불화,하,정상,있음,학생,중졸
절도,기소유예,경제적,불화,하,정상,없음,학생,중졸
절도,기소유예,경제적,불화,하,정상,없음,학생,중졸
절도,기소유예,경제적,불화,하,정상,없음,학생,중졸
절도,기소유예,경제적,불화,하,정상,없음,학생,중졸
절도,기소유예,경제적,불화,하,정상,없음,학생,중졸
절도,기소유예,경제적,불화,하,정상,있음,학생,중졸
절도,기소유예,경제적,불화,중,정상,없음,학생,중졸
절도,기소유예,경제적,불화,하,정상,없음,학생,중졸
절도,기소유예,경제적,불화,하,정상,있음,학생,중졸
절도,기소유예,경제적,불화,하,정상,없음,학생,중졸
절도,기소유예,경제적,불화,중,정상,없음,학생,중졸
절도,기소유예,경제적,불화,하,정상,없음,학생,중졸
절도,기소유예,경제적,불화,하,정상,없음,학생,중졸
절도,기소유예,경제적,불화,하,정상,없음,학생,중졸
절도,기소유예,경제적,불화,하,정상,없음,학생,중졸
절도,기소유예,경제적,불화,중,정상,없음,학생,중졸
절도,기소유예,경제적,불화,하,정상,없음,학생,중졸
절도,기소유예,경제적,불화,하,정상,없음,학생,중졸
절도,기소유예,경제적,불화,하,정상,없음,학생,중졸
절도,기소유예,경제적,불화,하,정상,있음,학생,중졸
절도,기소유예,경제적,불화,하,정상,없음,학생,중졸
절도,기소유예,경제적,불화,하,정상,없음,학생,중졸
절도,기소유예,경제적,불화,하,정상,있음,학생,중졸
절도,기소유예,경제적,불화,하,정상,없음,학생,중졸
절도,기소유예,경제적,불화,중,정상,없음,학생,중졸
절도,기소유예,경제적,불화,하,정상,있음,학생,중졸
절도,기소유예,경제적,불화,중,정상,있음,학생,중졸
절도,기소유예,경제적,불화,중,정상,없음,학생,중졸
절도,기소유예,경제적,불화,하,정상,없음,학생,중졸
절도,기소유예,경제적,불화,하,정상,있음,학생,중졸
절도,기소유예,경제적,불화,하,정상,없음,학생,중졸
절도,기소유예,경제적,불화,하,정상,없음,학생,중졸
절도,기소유예,경제적,불화,중,정상,없음,학생,중졸
절도,기소유예,경제적,불화,하,정상,없음,학생,중졸
절도,기소유예,경제적,불화,하,정상,없음,학생,중졸
절도,기소유예,경제적,불화,하,정상,없음,학생,중졸
절도,기소유예,경제적,불화,중,정상,없음,학생,중졸
절도,기소유예,경제적,불화,중,정상,없음,학생,중졸
절도,기소유예,경제적,불화,하,정상,없음,학생,중졸
절도,기소유예,경제적,불화,하,정상,있음,학생,중졸
절도,기소유예,경제적,불화,중,정상,없음,학생,중졸
절도,기소유예,경제적,불화,하,정상,없음,학생,중졸
절도,기소유예,경제적,불화,하,정상,있음,학생,중졸
절도,기소유예,경제적,불화,중,정상,없음,학생,중졸
절도,기소유예,경제적,불화,중,정상,없음,학생,중졸
절도,기소유예,경제적,불화,하,정상,없음,학생,중졸
절도,기소유예,경제적,불화,하,정상,없음,학생,중졸
절도,기소유예,경제적,불화,하,정상,있음,학생,중졸
절도,기소유예,경제적,불화,중,정상,없음,학생,중졸
절도,기소유예,경제적,불화,하,정상,없음,학생,중졸
절도,기소유예,경제적,불화,하,정상,있음,학생,중졸
절도,기소유예,경제적,불화,하,정상,없음,학생,중졸
절도,기소유예,경제적,불화,하,정상,없음,학생,중졸
절도,기소유예,경제적,불화,하,정상,있음,학생,중졸
절도,기소유예,경제적,불화,하,정상,없음,학생,중졸
절도,기소유예,경제적,불화,하,정상,있음,학생,중졸
절도,기소유예,경제적,불화,하,정상,있음,학생,중졸
절도,기소유예,경제적,불화,하,정상,없음,학생,중졸
절도,기소유예,경제적,불화,하,정상,없음,학생,중졸
절도,기소유예,경제적,불화,하,정상,없음,학생,중졸
절도,기소유예,경제적,불화,하,정상,없음,학생,중졸
절도,기소유예,경제적,불화,중,정상,있음,학생,중졸
절도,기소유예,경제적,불화,하,정상,없음,학생,중졸
절도,기소유예,경제적,불화,하,정상,없음,학생,중졸
절도,기소유예,경제적,불화,하,정상,없음,학생,중졸
절도,기소유예,경제적,불화,하,정상,없음,학생,중졸
절도,기소유예,경제적,불화,중,정상,없음,학생,중졸
절도,기소유예,경제적,불화,하,정상,없음,학생,중졸
절도,기소유예,경제적,불화,중,정상,없음,학생,중졸
절도,기소유예,경제적,불화,하,정상,없음,학생,중졸
절도,기소유예,경제적,불화,하,정상,없음,학생,중졸
절도,기소유예,경제적,불화,하,정상,없음,학생,중졸
절도,기소유예,경제적,불화,하,정상,없음,학생,중졸
절도,기소유예,경제적,불화,하,정상,있음,학생,중졸
절도,기소유예,경제적,불화,하,정상,없음,학생,중졸
절도,기소유예,경제적,불화,하,정상,없음,학생,중졸
절도,기소유예,경제적,불화,하,정상,없음,학생,중졸
절도,기소유예,경제적,불화,중,정상,없음,학생,중졸
절도,기소유예,경제적,불화,하,정상,없음,학생,중졸
절도,기소유예,경제적,불화,하,정상,있음,학생,중졸
절도,기소유예,경제적,불화,하,정상,없음,학생,중졸
절도,기소유예,경제적,불화,하,정상,없음,학생,중졸
절도,기소유예,경제적,불화,하,정상,없음,학생,중졸
절도,기소유예,경제적,불화,하,정상,없음,학생,중졸
절도,기소유예,경제적,불화,하,정상,없음,학생,중졸
절도,기소유예,경제적,불화,중,정상,있음,학생,중졸
절도,기소유예,경제적,불화,하,정상,없음,학생,중졸
절도,기소유예,경제적,불화,중,정상,있음,학생,중졸
절도,기소유예,경제적,불화,하,정상,없음,학생,중졸
절도,기소유예,경제적,불화,하,정상,없음,학생,중졸
절도,기소유예,경제적,불화,하,정상,없음,학생,중졸
절도,기소유예,경제적,불화,하,정상,있음,학생,중졸
절도,기소유예,경제적,불화,하,정상,없음,학생,중졸
절도,기소유예,경제적,불화,하,정상,없음,학생,중졸
절도,기소유예,경제적,불화,하,정상,없음,학생,중졸
절도,기소유예,경제적,불화,하,정상,없음,학생,중졸
절도,기소유예,경제적,불화,하,정상,없음,학생,중졸
절도,기소유예,경제적,불화,하,정상,있음,학생,중졸
절도,기소유예,경제적,불화,하,정상,없음,학생,중졸
절도,기소유예,경제적,불화,중,정상,없음,학생,중졸
절도,기소유예,경제적,불화,하,정상,없음,학생,중졸
절도,기소유예,경제적,불화,하,정상,없음,학생,중졸
절도,기소유예,경제적,불화,하,정상,없음,학생,중졸
절도,기소유예,경제적,불화,하,정상,있음,학생,중졸
절도,기소유예,경제적,불화,하,정상,없음,학생,중졸
절도,기소유예,경제적,불화,중,정상,없음,학생,중졸
절도,기소유예,경제적,불화,하,정상,있음,학생,중졸
절도,기소유예,경제적,불화,하,정상,없음,학생,중졸
절도,기소유예,경제적,불화,하,정상,없음,학생,중졸
절도,기소유예,경제적,불화,하,정상,없음,학생,중졸
절도,기소유예,경제적,불화,하,정상,없음,학생,중졸
절도,기소유예,경제적,불화,하,정상,없음,학생,중졸
절도,기소유예,경제적,불화,하,정상,있음,학생,중졸
절도,기소유예,경제적,불화,하,정상,없음,학생,중졸
절도,기소유예,경제적,불화,하,정상,있음,학생,중졸
절도,기소유예,경제적,불화,하,정상,없음,학생,중졸
절도,기소유예,경제적,불화,하,정상,없음,학생,중졸
절도,기소유예,경제적,불화,하,정상,없음,학생,중졸
절도,기소유예,경제적,불화,하,정상,없음,학생,중졸
절도,기소유예,경제적,불화,하,정상,없음,학생,중졸
절도,기소유예,경제적,불화,하,정상,없음,학생,중졸
절도,기소유예,경제적,불화,하,정상,없음,학생,중졸
절도,기소유예,경제적,불화,중,정상,없음,학생,중졸
절도,기소유예,경제적,불화,하,정상,없음,학생,중졸
절도,기소유예,경제적,불화,하,정상,없음,학생,중졸
절도,기소유예,경제적,불화,하,정상,없음,학생,중졸
절도,기소유예,경제적,불화,하,정상,있음,학생,중졸
절도,기소유예,경제적,불화,중,정상,없음,학생,중졸
절도,기소유예,경제적,불화,중,정상,있음,학생,중졸
절도,기소유예,경제적,불화,하,정상,없음,학생,중졸
절도,기소유예,경제적,불화,중,정상,없음,학생,중졸
절도,기소유예,경제적,불화,하,정상,없음,학생,중졸
절도,기소유예,경제적,불화,하,정상,있음,학생,중졸
절도,기소유예,경제적,불화,중,정상,없음,학생,중졸
절도,기소유예,경제적,불화,중,정상,있음,학생,중졸
절도,기소유예,경제적,불화,하,정상,있음,학생,중졸
절도,기소유예,경제적,불화,하,정상,없음,학생,중졸
절도,기소유예,경제적,불화,하,정상,없음,학생,중졸
절도,기소유예,경제적,불화,하,정상,없음,학생,중졸
절도,기소유예,경제적,불화,중,정상,없음,학생,중졸
절도,기소유예,경제적,불화,하,정상,있음,학생,중졸
절도,기소유예,경제적,불화,하,정상,있음,학생,중졸
절도,기소유예,경제적,불화,하,정상,없음,학생,중졸
절도,기소유예,경제적,불화,하,정상,없음,학생,중졸
절도,기소유예,경제적,불화,하,정상,없음,학생,중졸
절도,기소유예,경제적,불화,중,정상,없음,학생,중졸
절도,기소유예,경제적,불화,하,정상,없음,학생,중졸
절도,기소유예,경제적,불화,하,정상,없음,학생,중졸
절도,기소유예,경제적,불화,중,정상,없음,학생,중졸
절도,기소유예,경제적,불화,하,정상,없음,학생,중졸
절도,기소유예,경제적,불화,중,정상,없음,학생,중졸
절도,기소유예,경제적,불화,하,정상,없음,학생,중졸
절도,기소유예,경제적,불화,하,정상,없음,학생,중졸
절도,기소유예,경제적,불화,하,정상,있음,학생,중졸
절도,기소유예,경제적,불화,하,정상,없음,학생,중졸
절도,기소유예,경제적,불화,하,정상,없음,학생,중졸
절도,기소유예,경제적,불화,하,정상,있음,학생,중졸
절도,기소유예,경제적,불화,하,정상,없음,학생,중졸
절도,기소유예,경제적,불화,중,정상,없음,학생,중졸
절도,기소유예,경제적,불화,하,정상,없음,학생,중졸
절도,기소유예,경제적,불화,하,정상,없음,학생,중졸
절도,기소유예,경제적,불화,중,정상,없음,학생,중졸
절도,기소유예,경제적,불화,하,정상,없음,학생,중졸
절도,기소유예,경제적,불화,하,정상,있음,학생,중졸
절도,기소유예,경제적,불화,하,정상,없음,학생,중졸
절도,기소유예,경제적,불화,하,정상,있음,학생,중졸
절도,기소유예,경제적,불화,하,정상,없음,학생,중졸
절도,기소유예,경제적,불화,하,정상,없음,학생,중졸
절도,기소유예,경제적,불화,하,정상,없음,학생,중졸
절도,기소유예,경제적,불화,중,정상,없음,학생,중졸
절도,기소유예,경제적,불화,하,정상,없음,학생,중졸
절도,기소유예,경제적,불화,중,정상,없음,학생,중졸
절도,기소유예,경제적,불화,하,정상,없음,학생,중졸
절도,기소유예,경제적,불화,하,정상,없음,학생,중졸
절도,기소유예,경제적,불화,하,정상,없음,학생,중졸
절도,기소유예,경제적,불화,하,정상,없음,학생,중졸
절도,기소유예,경제적,불화,중,정상,없음,학생,중졸
절도,기소유예,경제적,불화,하,정상,없음,학생,중졸
절도,기소유예,경제적,불화,하,정상,없음,학생,중졸
절도,기소유예,경제적,불화,하,정상,없음,학생,중졸
절도,기소유예,경제적,불화,하,정상,없음,학생,중졸
절도,기소유예,경제적,불화,하,정상,없음,학생,중졸
절도,기소유예,경제적,불화,중,정상,있음,학생,중졸
절도,기소유예,경제적,불화,하,정상,없음,학생,중졸
절도,기소유예,경제적,불화,하,정상,없음,학생,중졸
절도,기소유예,경제적,불화,하,정상,없음,학생,중졸
절도,기소유예,경제적,불화,하,정상,없음,학생,중졸
절도,기소유예,경제적,불화,하,정상,없음,학생,중졸
절도,기소유예,경제적,불화,하,정상,없음,학생,중졸
절도,기소유예,경제적,불화,중,정상,없음,학생,중졸
절도,기소유예,경제적,불화,중,정상,없음,학생,중졸
절도,기소유예,경제적,불화,하,정상,없음,학생,중졸
절도,기소유예,경제적,불화,중,정상,없음,학생,중졸
절도,기소유예,경제적,불화,하,정상,없음,학생,중졸
절도,기소유예,경제적,불화,하,정상,없음,학생,중졸
절도,기소유예,경제적,불화,하,정상,없음,학생,중졸
절도,기소유예,경제적,불화,하,정상,없음,학생,중졸
절도,기소유예,경제적,불화,하,정상,없음,학생,중졸
절도,기소유예,경제적,불화,하,정상,없음,학생,중졸
절도,기소유예,경제적,불화,하,정상,없음,학생,중졸
절도,기소유예,경제적,불화,하,정상,없음,학생,중졸
절도,기소유예,경제적,불화,하,정상,없음,학생,중졸
절도,기소유예,경제적,불화,하,정상,없음,학생,중졸
절도,기소유예,경제적,불화,하,정상,없음,학생,중졸
절도,기소유예,경제적,불화,하,정상,있음,학생,중졸
절도,기소유예,경제적,불화,하,정상,없음,학생,중졸
절도,기소유예,경제적,불화,하,정상,없음,학생,중졸
절도,기소유예,경제적,불화,중,정상,없음,학생,중졸
절도,기소유예,경제적,불화,하,정상,없음,학생,중졸
절도,기소유예,경제적,불화,하,정상,없음,학생,중졸
절도,기소유예,경제적,불화,하,정상,있음,학생,중졸
절도,기소유예,경제적,불화,중,정상,없음,학생,중졸
절도,기소유예,경제적,불화,하,정상,있음,학생,중졸
절도,기소유예,경제적,불화,하,정상,있음,학생,중졸
절도,기소유예,경제적,불화,하,정상,없음,학생,중졸
절도,기소유예,경제적,불화,하,정상,없음,학생,중졸
절도,기소유예,경제적,불화,중,정상,없음,학생,중졸
절도,기소유예,경제적,불화,하,정상,없음,학생,중졸
절도,기소유예,경제적,불화,하,정상,있음,학생,중졸
절도,기소유예,경제적,불화,중,정상,있음,학생,중졸
절도,기소유예,경제적,불화,하,정상,없음,학생,중졸
절도,기소유예,경제적,불화,하,정상,없음,학생,중졸
절도,기소유예,경제적,불화,하,정상,없음,학생,중졸
절도,기소유예,경제적,불화,하,정상,없음,학생,중졸
절도,기소유예,경제적,불화,하,정상,없음,학생,중졸
절도,기소유예,경제적,불화,하,정상,없음,학생,중졸
절도,기소유예,경제적,불화,하,정상,없음,학생,중졸
절도,기소유예,경제적,불화,하,정상,없음,학생,중졸
절도,기소유예,경제적,불화,하,정상,없음,학생,중졸
절도,기소유예,경제적,불화,중,정상,없음,학생,중졸
절도,기소유예,경제적,불화,하,정상,없음,학생,중졸
절도,기소유예,경제적,불화,하,정상,없음,학생,중졸
절도,기소유예,경제적,불화,하,정상,없음,학생,중졸
절도,기소유예,경제적,불화,하,정상,없음,학생,중졸
절도,기소유예,경제적,불화,하,정상,없음,학생,중졸
절도,기소유예,경제적,불화,하,정상,없음,학생,중졸
절도,기소유예,경제적,불화,하,정상,없음,학생,중졸
절도,기소유예,경제적,불화,중,정상,없음,학생,중졸
절도,기소유예,경제적,불화,중,정상,있음,학생,중졸
절도,기소유예,경제적,불화,하,정상,없음,학생,중졸
절도,기소유예,경제적,불화,하,정상,없음,학생,중졸
절도,기소유예,경제적,불화,하,정상,있음,학생,중졸
절도,기소유예,경제적,불화,중,정상,없음,학생,중졸
절도,기소유예,경제적,불화,중,정상,없음,학생,중졸
절도,기소유예,경제적,불화,하,정상,있음,학생,중졸
절도,기소유예,경제적,불화,하,정상,없음,학생,중졸
절도,기소유예,경제적,불화,하,정상,없음,학생,중졸
절도,기소유예,경제적,불화,하,정상,없음,학생,중졸
절도,기소유예,경제적,불화,하,정상,없음,학생,중졸
절도,기소유예,경제적,불화,하,정상,없음,학생,중졸
절도,기소유예,경제적,불화,중,정상,없음,학생,중졸
절도,기소유예,경제적,불화,중,정상,없음,학생,중졸
절도,기소유예,경제적,불화,하,정상,있음,학생,중졸
절도,기소유예,경제적,불화,중,정상,없음,학생,중졸
절도,기소유예,경제적,불화,중,정상,없음,학생,중졸
절도,기소유예,경제적,불화,중,정상,있음,학생,중졸
절도,기소유예,경제적,불화,중,정상,없음,학생,중졸
절도,기소유예,경제적,불화,하,정상,있음,학생,중졸
절도,기소유예,경제적,불화,중,정상,없음,학생,중졸
절도,기소유예,경제적,불화,하,정상,없음,학생,중졸
절도,기소유예,경제적,불화,중,정상,없음,학생,중졸
절도,기소유예,경제적,불화,하,정상,있음,학생,중졸
절도,기소유예,경제적,불화,하,정상,없음,학생,중졸
절도,기소유예,경제적,불화,하,정상,없음,학생,중졸
절도,기소유예,경제적,불화,하,정상,없음,학생,중졸
절도,기소유예,경제적,불화,중,정상,없음,학생,중졸
절도,기소유예,경제적,불화,하,정상,없음,학생,중졸
절도,기소유예,경제적,불화,하,정상,없음,학생,중졸
절도,기소유예,경제적,불화,하,정상,없음,학생,중졸
절도,기소유예,경제적,불화,하,정상,있음,학생,중졸
절도,기소유예,경제적,불화,중,정상,없음,학생,중졸
절도,기소유예,경제적,불화,중,정상,없음,학생,중졸
절도,기소유예,경제적,불화,하,정상,없음,학생,중졸
절도,기소유예,경제적,불화,중,정상,없음,학생,중졸
절도,기소유예,경제적,불화,하,정상,없음,학생,중졸
절도,기소유예,경제적,불화,하,정상,있음,학생,중졸
절도,기소유예,경제적,불화,하,정상,없음,학생,중졸
절도,기소유예,경제적,불화,하,정상,없음,학생,중졸
절도,기소유예,경제적,불화,중,정상,없음,학생,중졸
절도,기소유예,경제적,불화,하,정상,없음,학생,중졸
절도,기소유예,경제적,불화,하,정상,있음,학생,중졸
절도,기소유예,경제적,불화,하,정상,없음,학생,중졸
절도,기소유예,경제적,불화,중,정상,없음,학생,중졸
절도,기소유예,경제적,불화,하,정상,없음,학생,중졸
절도,기소유예,경제적,불화,하,정상,없음,학생,중졸
절도,기소유예,경제적,불화,하,정상,없음,학생,중졸
절도,기소유예,경제적,불화,하,정상,없음,학생,중졸
절도,기소유예,경제적,불화,중,정상,없음,학생,중졸
절도,기소유예,경제적,불화,하,정상,없음,학생,중졸
절도,기소유예,경제적,불화,중,정상,없음,학생,중졸
절도,기소유예,경제적,불화,하,정상,없음,학생,중졸
절도,기소유예,경제적,불화,중,정상,없음,학생,중졸
절도,기소유예,경제적,불화,하,정상,없음,학생,중졸
절도,기소유예,경제적,불화,하,정상,없음,학생,중졸
절도,기소유예,경제적,불화,하,정상,없음,학생,중졸
절도,기소유예,경제적,불화,하,정상,없음,학생,중졸
절도,기소유예,경제적,불화,중,정상,없음,학생,중졸
절도,기소유예,경제적,불화,중,정상,없음,학생,중졸
절도,기소유예,경제적,불화,하,정상,있음,학생,중졸
절도,기소유예,경제적,불화,하,정상,없음,학생,중졸
절도,기소유예,경제적,불화,하,정상,있음,학생,중졸
절도,기소유예,경제적,불화,하,정상,없음,학생,중졸
절도,기소유예,경제적,불화,하,정상,없음,학생,중졸
절도,기소유예,경제적,불화,하,정상,없음,학생,중졸
절도,기소유예,경제적,불화,하,정상,없음,학생,중졸
절도,기소유예,경제적,불화,하,정상,없음,학생,중졸
절도,기소유예,경제적,불화,하,정상,없음,학생,중졸
절도,기소유예,경제적,불화,중,정상,없음,학생,중졸
절도,기소유예,경제적,불화,하,정상,없음,학생,중졸
절도,기소유예,경제적,불화,하,정상,없음,학생,중졸
절도,기소유예,경제적,불화,하,정상,없음,학생,중졸
절도,기소유예,경제적,불화,하,정상,없음,학생,중졸
절도,기소유예,경제적,불화,하,정상,없음,학생,중졸
절도,기소유예,경제적,불화,하,정상,있음,학생,중졸
절도,기소유예,경제적,불화,하,정상,없음,학생,중졸
절도,기소유예,경제적,불화,하,정상,없음,학생,중졸
절도,기소유예,경제적,불화,하,정상,없음,학생,중졸
절도,기소유예,경제적,불화,하,정상,없음,학생,중졸
절도,기소유예,경제적,불화,하,정상,없음,학생,중졸
절도,기소유예,경제적,불화,하,정상,없음,학생,중졸
절도,기소유예,경제적,불화,중,정상,없음,학생,중졸
절도,기소유예,경제적,불화,하,정상,있음,학생,중졸
절도,기소유예,경제적,불화,중,정상,없음,학생,중졸
절도,기소유예,경제적,불화,하,정상,없음,학생,중졸
절도,기소유예,경제적,불화,하,정상,없음,학생,중졸
절도,기소유예,경제적,불화,하,정상,없음,학생,중졸
절도,기소유예,경제적,불화,하,정상,없음,학생,중졸
절도,기소유예,경제적,불화,하,정상,없음,학생,중졸
절도,기소유예,경제적,불화,중,정상,없음,학생,중졸
절도,기소유예,경제적,불화,중,정상,없음,학생,중졸
절도,기소유예,경제적,불화,하,정상,없음,학생,중졸
절도,기소유예,경제적,불화,하,정상,없음,학생,중졸
절도,기소유예,경제적,불화,중,정상,없음,학생,중졸
절도,기소유예,경제적,불화,하,정상,없음,학생,중졸
절도,기소유예,경제적,불화,하,정상,없음,학생,중졸
절도,기소유예,경제적,불화,하,정상,없음,학생,중졸
절도,기소유예,경제적,불화,하,정상,없음,학생,중졸
절도,기소유예,경제적,불화,하,정상,없음,학생,중졸
절도,기소유예,경제적,불화,중,정상,없음,학생,중졸
절도,기소유예,경제적,불화,하,정상,없음,학생,중졸
절도,기소유예,경제적,불화,하,정상,없음,학생,중졸
절도,기소유예,경제적,불화,하,정상,없음,학생,중졸
절도,기소유예,경제적,불화,중,정상,없음,학생,중졸
절도,기소유예,경제적,불화,하,정상,없음,학생,중졸
절도,기소유예,경제적,불화,하,정상,있음,학생,중졸
절도,기소유예,경제적,불화,하,정상,없음,학생,중졸
절도,기소유예,경제적,불화,하,정상,없음,학생,중졸
절도,기소유예,경제적,불화,하,정상,없음,학생,중졸
절도,기소유예,경제적,불화,중,정상,없음,학생,중졸
절도,불송치,경제적,불화,하,정상,없음,학생,중졸
절도,불송치,경제적,불화,하,정상,없음,학생,중졸
절도,불송치,경제적,불화,하,정상,없음,학생,중졸
절도,불송치,경제적,불화,중,정상,없음,학생,중졸
절도,불송치,경제적,불화,하,정상,없음,학생,중졸
절도,불송치,경제적,불화,중,정상,없음,학생,중졸
절도,불송치,경제적,불화,중,정상,있음,학생,중졸
절도,불송치,경제적,불화,하,정상,없음,학생,중졸
절도,불송치,경제적,불화,하,정상,없음,학생,중졸
절도,불송치,경제적,불화,하,정상,없음,학생,중졸
절도,불송치,경제적,불화,하,정상,없음,학생,중졸
절도,불송치,경제적,불화,하,정상,없음,학생,중졸
절도,불송치,경제적,불화,하,정상,없음,학생,중졸
절도,불송치,경제적,불화,하,정상,없음,학생,중졸
절도,불송치,경제적,불화,하,정상,없음,학생,중졸
절도,불송치,경제적,불화,중,정상,없음,학생,중졸
절도,불송치,경제적,불화,중,정상,없음,학생,중졸
절도,불송치,경제적,불화,하,정상,있음,학생,중졸
절도,불송치,경제적,불화,하,정상,있음,학생,중졸
절도,불송치,경제적,불화,하,정상,없음,학생,중졸
절도,불송치,경제적,불화,하,정상,없음,학생,중졸
절도,불송치,경제적,불화,하,정상,없음,학생,중졸
절도,불송치,경제적,불화,하,정상,없음,학생,중졸
절도,불송치,경제적,불화,하,정상,있음,학생,중졸
절도,불송치,경제적,불화,하,정상,없음,학생,중졸
절도,불송치,경제적,불화,중,정상,없음,학생,중졸
절도,불송치,경제적,불화,하,정상,없음,학생,중졸
절도,불송치,경제적,불화,하,정상,없음,학생,중졸
절도,불송치,경제적,불화,하,정상,없음,학생,중졸
절도,불송치,경제적,불화,중,정상,없음,학생,중졸
절도,불송치,경제적,불화,하,정상,없음,학생,중졸
절도,불송치,경제적,불화,하,정상,있음,학생,중졸
절도,불송치,경제적,불화,중,정상,없음,학생,중졸
절도,불송치,경제적,불화,하,정상,없음,학생,중졸
절도,불송치,경제적,불화,하,정상,없음,학생,중졸
절도,불송치,경제적,불화,중,정상,없음,학생,중졸
절도,불송치,경제적,불화,하,정상,있음,학생,중졸
절도,불송치,경제적,불화,하,정상,없음,학생,중졸
절도,불송치,경제적,불화,하,정상,없음,학생,중졸
절도,불송치,경제적,불화,하,정상,없음,학생,중졸
절도,불송치,경제적,불화,하,정상,있음,학생,중졸
절도,불송치,경제적,불화,하,정상,없음,학생,중졸
절도,불송치,경제적,불화,하,정상,없음,학생,중졸
절도,불송치,경제적,불화,하,정상,없음,학생,중졸
장물,검찰송치,경제적,불화,하,정상,있음,무직,중졸
장물,소년보호송치,경제적,불화,하,정상,있음,무직,중졸
장물,소년보호송치,경제적,불화,하,정상,있음,무직,중졸
장물,소년보호송치,경제적,불화,하,정상,있음,무직,중졸
장물,소년보호송치,경제적,불화,하,정상,있음,무직,중졸
장물,소년보호송치,경제적,불화,하,정상,있음,무직,중졸
장물,소년보호송치,경제적,불화,하,정상,있음,무직,중졸
장물,기소유예,경제적,원만,하,정상,있음,무직,중졸
장물,기소유예,경제적,원만,하,정상,있음,무직,중졸
장물,기소유예,경제적,원만,하,정상,있음,무직,중졸
장물,기소유예,경제적,원만,하,정상,있음,무직,중졸
장물,기소유예,경제적,원만,하,정상,있음,무직,중졸
장물,기소유예,경제적,불화,하,정상,있음,무직,중졸
장물,기소유예,경제적,불화,하,정상,있음,무직,중졸
장물,기소유예,경제적,불화,하,정상,있음,무직,중졸
장물,불송치,경제적,불화,하,정상,있음,무직,중졸
사기,검찰송치,경제적,불화,하,정상,있음,무직,고졸
사기,검찰송치,경제적,불화,하,정상,있음,무직,고졸
사기,검찰송치,경제적,불화,하,정상,있음,무직,고졸
사기,검찰송치,경제적,불화,하,정상,있음,무직,고졸
사기,검찰송치,경제적,불화,하,정상,있음,무직,고졸
사기,검찰송치,경제적,불화,하,정상,있음,무직,고졸
사기,검찰송치,경제적,불화,하,정상,있음,무직,고졸
사기,검찰송치,경제적,불화,하,정상,있음,무직,고졸
사기,검찰송치,경제적,불화,하,정상,있음,무직,고졸
사기,검찰송치,경제적,불화,하,정상,있음,무직,고졸
사기,검찰송치,경제적,불화,하,정상,있음,무직,고졸
사기,검찰송치,경제적,불화,하,정상,있음,무직,고졸
사기,검찰송치,경제적,불화,하,정상,있음,무직,고졸
사기,검찰송치,경제적,불화,하,정상,있음,무직,고졸
사기,검찰송치,경제적,불화,하,정상,있음,무직,고졸
사기,검찰송치,경제적,불화,하,정상,있음,무직,고졸
사기,검찰송치,경제적,불화,하,정상,있음,무직,고졸
사기,검찰송치,경제적,불화,하,정상,있음,무직,고졸
사기,검찰송치,경제적,불화,하,정상,있음,무직,고졸
사기,검찰송치,경제적,불화,하,정상,있음,무직,고졸
사기,검찰송치,경제적,불화,하,정상,있음,무직,고졸
사기,검찰송치,경제적,불화,하,정상,있음,무직,고졸
사기,검찰송치,경제적,불화,하,정상,있음,무직,고졸
사기,검찰송치,경제적,불화,하,정상,있음,무직,고졸
사기,검찰송치,경제적,불화,하,정상,있음,무직,고졸
사기,검찰송치,경제적,불화,하,정상,있음,무직,고졸
사기,검찰송치,경제적,불화,하,정상,있음,무직,고졸
사기,검찰송치,경제적,불화,하,정상,있음,무직,고졸
사기,검찰송치,경제적,불화,하,정상,있음,무직,고졸
사기,검찰송치,경제적,불화,하,정상,있음,무직,고졸
사기,검찰송치,경제적,불화,하,정상,있음,무직,고졸
사기,검찰송치,경제적,불화,하,정상,있음,무직,고졸
사기,검찰송치,경제적,불화,하,정상,있음,무직,고졸
사기,검찰송치,경제적,불화,하,정상,있음,무직,고졸
사기,검찰송치,경제적,불화,하,정상,있음,무직,고졸
사기,검찰송치,경제적,불화,하,정상,있음,무직,고졸
사기,검찰송치,경제적,불화,하,정상,있음,무직,고졸
사기,검찰송치,경제적,불화,하,정상,있음,무직,고졸
사기,검찰송치,경제적,불화,하,정상,있음,무직,고졸
사기,검찰송치,경제적,불화,하,정상,있음,무직,고졸
사기,검찰송치,경제적,불화,하,정상,있음,무직,고졸
사기,검찰송치,경제적,불화,하,정상,있음,무직,고졸
사기,검찰송치,경제적,불화,하,정상,있음,무직,고졸
사기,검찰송치,경제적,불화,하,정상,있음,무직,고졸
사기,검찰송치,경제적,불화,하,정상,있음,무직,고졸
사기,검찰송치,경제적,불화,하,정상,있음,무직,고졸
사기,소년보호송치,경제적,불화,하,정상,있음,무직,고졸
사기,소년보호송치,경제적,불화,하,정상,있음,무직,고졸
사기,소년보호송치,경제적,불화,하,정상,있음,무직,고졸
사기,소년보호송치,경제적,불화,하,정상,있음,무직,고졸
사기,소년보호송치,경제적,불화,하,정상,있음,무직,고졸
사기,소년보호송치,경제적,불화,하,정상,있음,무직,고졸
사기,소년보호송치,경제적,불화,하,정상,있음,무직,고졸
사기,소년보호송치,경제적,불화,하,정상,있음,무직,고졸
사기,소년보호송치,경제적,불화,하,정상,있음,무직,고졸
사기,소년보호송치,경제적,불화,하,정상,있음,무직,고졸
사기,소년보호송치,경제적,불화,하,정상,있음,무직,고졸
사기,소년보호송치,경제적,불화,하,정상,있음,무직,고졸
사기,소년보호송치,경제적,불화,하,정상,있음,무직,고졸
사기,소년보호송치,경제적,불화,하,정상,있음,무직,고졸
사기,소년보호송치,경제적,불화,하,정상,있음,무직,고졸
사기,소년보호송치,경제적,불화,하,정상,있음,무직,고졸
사기,소년보호송치,경제적,불화,하,정상,있음,무직,고졸
사기,소년보호송치,경제적,불화,하,정상,있음,무직,고졸
사기,소년보호송치,경제적,불화,하,정상,있음,무직,고졸
사기,소년보호송치,경제적,불화,하,정상,있음,무직,고졸
사기,소년보호송치,경제적,불화,하,정상,있음,무직,고졸
사기,소년보호송치,경제적,불화,하,정상,있음,무직,고졸
사기,소년보호송치,경제적,불화,하,정상,있음,무직,고졸
사기,소년보호송치,경제적,불화,하,정상,있음,무직,고졸
사기,소년보호송치,경제적,불화,하,정상,있음,무직,고졸
사기,소년보호송치,경제적,불화,하,정상,있음,무직,고졸
사기,소년보호송치,경제적,불화,하,정상,있음,무직,고졸
사기,소년보호송치,경제적,불화,하,정상,있음,무직,고졸
사기,소년보호송치,경제적,불화,하,정상,있음,무직,고졸
사기,소년보호송치,경제적,불화,하,정상,있음,무직,고졸
사기,소년보호송치,경제적,불화,하,정상,있음,무직,고졸
사기,소년보호송치,경제적,불화,하,정상,있음,무직,고졸
사기,소년보호송치,경제적,불화,하,정상,있음,무직,고졸
사기,소년보호송치,경제적,불화,하,정상,있음,무직,고졸
사기,소년보호송치,경제적,불화,하,정상,있음,무직,고졸
사기,소년보호송치,경제적,불화,하,정상,있음,무직,고졸
사기,소년보호송치,경제적,불화,하,정상,있음,무직,고졸
사기,소년보호송치,경제적,불화,하,정상,있음,무직,고졸
사기,소년보호송치,경제적,불화,하,정상,있음,무직,고졸
사기,소년보호송치,경제적,불화,하,정상,있음,무직,고졸
사기,소년보호송치,경제적,불화,하,정상,있음,무직,고졸
사기,소년보호송치,경제적,불화,하,정상,있음,무직,고졸
사기,소년보호송치,경제적,불화,하,정상,있음,무직,고졸
사기,소년보호송치,경제적,불화,하,정상,있음,무직,고졸
사기,소년보호송치,경제적,불화,하,정상,있음,무직,고졸
사기,소년보호송치,경제적,불화,하,정상,있음,무직,고졸
사기,소년보호송치,경제적,불화,하,정상,있음,무직,고졸
사기,소년보호송치,경제적,불화,하,정상,있음,무직,고졸
사기,소년보호송치,경제적,불화,하,정상,있음,무직,고졸
사기,소년보호송치,경제적,불화,하,정상,있음,무직,고졸
사기,소년보호송치,경제적,불화,하,정상,있음,무직,고졸
사기,소년보호송치,경제적,불화,하,정상,있음,무직,고졸
사기,소년보호송치,경제적,불화,하,정상,있음,무직,고졸
사기,소년보호송치,경제적,불화,하,정상,있음,무직,고졸
사기,소년보호송치,경제적,불화,하,정상,있음,무직,고졸
사기,소년보호송치,경제적,불화,하,정상,있음,무직,고졸
사기,소년보호송치,경제적,불화,하,정상,있음,무직,고졸
사기,소년보호송치,경제적,불화,하,정상,있음,무직,고졸
사기,소년보호송치,경제적,불화,하,정상,있음,무직,고졸
사기,소년보호송치,경제적,불화,하,정상,있음,무직,고졸
사기,소년보호송치,경제적,불화,하,정상,있음,무직,고졸
사기,소년보호송치,경제적,불화,하,정상,있음,무직,고졸
사기,소년보호송치,경제적,불화,하,정상,있음,무직,고졸
사기,소년보호송치,경제적,불화,하,정상,있음,무직,고졸
사기,소년보호송치,경제적,불화,하,정상,있음,무직,고졸
사기,소년보호송치,경제적,불화,하,정상,있음,무직,고졸
사기,소년보호송치,경제적,불화,하,정상,있음,무직,고졸
사기,소년보호송치,경제적,불화,하,정상,있음,무직,고졸
사기,소년보호송치,경제적,불화,하,정상,있음,무직,고졸
사기,소년보호송치,경제적,불화,하,정상,있음,무직,고졸
사기,소년보호송치,경제적,불화,하,정상,있음,무직,고졸
사기,소년보호송치,경제적,불화,하,정상,있음,무직,고졸
사기,소년보호송치,경제적,불화,하,정상,있음,무직,고졸
사기,소년보호송치,경제적,불화,하,정상,있음,무직,고졸
사기,소년보호송치,경제적,불화,하,정상,있음,무직,고졸
사기,소년보호송치,경제적,불화,하,정상,있음,무직,고졸
사기,소년보호송치,경제적,불화,하,정상,있음,무직,고졸
사기,소년보호송치,경제적,불화,하,정상,있음,무직,고졸
사기,소년보호송치,경제적,불화,하,정상,있음,무직,고졸
사기,소년보호송치,경제적,불화,하,정상,있음,무직,고졸
사기,소년보호송치,경제적,불화,하,정상,있음,무직,고졸
사기,소년보호송치,경제적,불화,하,정상,있음,무직,고졸
사기,소년보호송치,경제적,불화,하,정상,있음,무직,고졸
사기,소년보호송치,경제적,불화,하,정상,있음,무직,고졸
사기,소년보호송치,경제적,불화,하,정상,있음,무직,고졸
사기,소년보호송치,경제적,불화,하,정상,있음,무직,고졸
사기,소년보호송치,경제적,불화,하,정상,있음,무직,고졸
사기,소년보호송치,경제적,불화,하,정상,있음,무직,고졸
사기,소년보호송치,경제적,불화,하,정상,있음,무직,고졸
사기,소년보호송치,경제적,불화,하,정상,있음,무직,고졸
사기,소년보호송치,경제적,불화,하,정상,있음,무직,고졸
사기,소년보호송치,경제적,불화,하,정상,있음,무직,고졸
사기,소년보호송치,경제적,불화,하,정상,있음,무직,고졸
사기,소년보호송치,경제적,불화,하,정상,있음,무직,고졸
사기,소년보호송치,경제적,불화,하,정상,있음,무직,고졸
사기,소년보호송치,경제적,불화,하,정상,있음,무직,고졸
사기,기소유예,경제적,불화,하,정상,있음,무직,고졸
사기,기소유예,경제적,원만,하,정상,있음,무직,고졸
사기,기소유예,경제적,불화,하,정상,있음,무직,고졸
사기,기소유예,경제적,원만,하,정상,있음,무직,고졸
사기,기소유예,경제적,원만,하,정상,있음,무직,고졸
사기,기소유예,경제적,불화,하,정상,있음,무직,고졸
사기,기소유예,경제적,원만,하,정상,있음,무직,고졸
사기,기소유예,경제적,불화,하,정상,있음,무직,고졸
사기,기소유예,경제적,원만,하,정상,있음,무직,고졸
사기,기소유예,경제적,불화,하,정상,있음,무직,고졸
사기,기소유예,경제적,불화,하,정상,있음,무직,고졸
사기,기소유예,경제적,원만,하,정상,있음,무직,고졸
사기,기소유예,경제적,원만,하,정상,있음,무직,고졸
사기,기소유예,경제적,원만,하,정상,있음,무직,고졸
사기,기소유예,경제적,원만,하,정상,있음,무직,고졸
사기,기소유예,경제적,원만,하,정상,있음,무직,고졸
사기,기소유예,경제적,불화,하,정상,있음,무직,고졸
사기,기소유예,경제적,불화,하,정상,있음,무직,고졸
사기,기소유예,경제적,불화,하,정상,있음,무직,고졸
사기,기소유예,경제적,불화,하,정상,있음,무직,고졸
사기,기소유예,경제적,불화,하,정상,있음,무직,고졸
사기,기소유예,경제적,불화,하,정상,있음,무직,고졸
사기,기소유예,경제적,원만,하,정상,있음,무직,고졸
사기,기소유예,경제적,불화,하,정상,있음,무직,고졸
사기,기소유예,경제적,불화,하,정상,있음,무직,고졸
사기,기소유예,경제적,원만,하,정상,있음,무직,고졸
사기,기소유예,경제적,원만,하,정상,있음,무직,고졸
사기,기소유예,경제적,원만,하,정상,있음,무직,고졸
사기,기소유예,경제적,원만,하,정상,있음,무직,고졸
사기,기소유예,경제적,불화,하,정상,있음,무직,고졸
사기,기소유예,경제적,원만,하,정상,있음,무직,고졸
사기,기소유예,경제적,원만,하,정상,있음,무직,고졸
사기,기소유예,경제적,불화,하,정상,있음,무직,고졸
사기,기소유예,경제적,원만,하,정상,있음,무직,고졸
사기,기소유예,경제적,원만,하,정상,있음,무직,고졸
사기,기소유예,경제적,원만,하,정상,있음,무직,고졸
사기,기소유예,경제적,불화,하,정상,있음,무직,고졸
사기,기소유예,경제적,불화,하,정상,있음,무직,고졸
사기,기소유예,경제적,원만,하,정상,있음,무직,고졸
사기,기소유예,경제적,불화,하,정상,있음,무직,고졸
사기,기소유예,경제적,원만,하,정상,있음,무직,고졸
사기,기소유예,경제적,불화,하,정상,있음,무직,고졸
사기,기소유예,경제적,불화,하,정상,있음,무직,고졸
사기,기소유예,경제적,불화,하,정상,있음,무직,고졸
사기,기소유예,경제적,원만,하,정상,있음,무직,고졸
사기,기소유예,경제적,불화,하,정상,있음,무직,고졸
사기,기소유예,경제적,불화,하,정상,있음,무직,고졸
사기,기소유예,경제적,원만,하,정상,있음,무직,고졸
사기,기소유예,경제적,불화,하,정상,있음,무직,고졸
사기,기소유예,경제적,원만,하,정상,있음,무직,고졸
사기,기소유예,경제적,불화,하,정상,있음,무직,고졸
사기,기소유예,경제적,원만,하,정상,있음,무직,고졸
사기,기소유예,경제적,불화,하,정상,있음,무직,고졸
사기,기소유예,경제적,원만,하,정상,있음,무직,고졸
사기,기소유예,경제적,원만,하,정상,있음,무직,고졸
사기,기소유예,경제적,원만,하,정상,있음,무직,고졸
사기,기소유예,경제적,원만,하,정상,있음,무직,고졸
사기,기소유예,경제적,원만,하,정상,있음,무직,고졸
사기,불송치,경제적,원만,하,정상,있음,무직,고졸
사기,불송치,경제적,원만,하,정상,있음,무직,고졸
사기,불송치,경제적,원만,하,정상,있음,무직,고졸
사기,불송치,경제적,원만,하,정상,있음,무직,고졸
사기,불송치,경제적,불화,하,정상,있음,무직,고졸
사기,불송치,경제적,원만,하,정상,있음,무직,고졸
사기,불송치,경제적,불화,하,정상,있음,무직,고졸
사기,불송치,경제적,불화,하,정상,있음,무직,고졸
사기,불송치,경제적,불화,하,정상,있음,무직,고졸
사기,불송치,경제적,원만,하,정상,있음,무직,고졸
사기,불송치,경제적,불화,하,정상,있음,무직,고졸
사기,불송치,경제적,원만,하,정상,있음,무직,고졸
사기,불송치,경제적,원만,하,정상,있음,무직,고졸
사기,불송치,경제적,원만,하,정상,있음,무직,고졸
사기,불송치,경제적,불화,하,정상,있음,무직,고졸
사기,불송치,경제적,원만,하,정상,있음,무직,고졸
사기,불송치,경제적,원만,하,정상,있음,무직,고졸
사기,불송치,경제적,불화,하,정상,있음,무직,고졸
사기,불송치,경제적,불화,하,정상,있음,무직,고졸
사기,불송치,경제적,원만,하,정상,있음,무직,고졸
사기,불송치,경제적,원만,하,정상,있음,무직,고졸
사기,불송치,경제적,불화,하,정상,있음,무직,고졸
사기,불송치,경제적,원만,하,정상,있음,무직,고졸
사기,불송치,경제적,원만,하,정상,있음,무직,고졸
사기,불송치,경제적,원만,하,정상,있음,무직,고졸
사기,불송치,경제적,불화,하,정상,있음,무직,고졸
사기,불송치,경제적,불화,하,정상,있음,무직,고졸
사기,불송치,경제적,불화,하,정상,있음,무직,고졸
사기,불송치,경제적,불화,하,정상,있음,무직,고졸
사기,불송치,경제적,원만,하,정상,있음,무직,고졸
사기,불송치,경제적,원만,하,정상,있음,무직,고졸
사기,불송치,경제적,원만,하,정상,있음,무직,고졸
사기,불송치,경제적,원만,하,정상,있음,무직,고졸
사기,불송치,경제적,원만,하,정상,있음,무직,고졸
사기,불송치,경제적,불화,하,정상,있음,무직,고졸
사기,불송치,경제적,불화,하,정상,있음,무직,고졸
사기,불송치,경제적,불화,하,정상,있음,무직,고졸
사기,불송치,경제적,원만,하,정상,있음,무직,고졸
사기,불송치,경제적,불화,하,정상,있음,무직,고졸
사기,불송치,경제적,불화,하,정상,있음,무직,고졸
사기,불송치,경제적,원만,하,정상,있음,무직,고졸
횡령,검찰송치,경제적,불화,중,정상,있음,학생,고졸
횡령,검찰송치,경제적,불화,중,정상,있음,학생,고졸
횡령,검찰송치,경제적,불화,중,정상,있음,학생,고졸
횡령,소년보호송치,경제적,불화,중,정상,없음,학생,고졸
횡령,소년보호송치,경제적,불화,중,정상,없음,학생,고졸
횡령,소년보호송치,경제적,불화,중,정상,없음,학생,고졸
횡령,소년보호송치,경제적,불화,중,정상,있음,학생,고졸
횡령,소년보호송치,경제적,불화,중,정상,있음,학생,고졸
횡령,소년보호송치,경제적,불화,중,정상,있음,학생,고졸
횡령,소년보호송치,경제적,불화,중,정상,없음,학생,고졸
횡령,소년보호송치,경제적,불화,중,정상,있음,학생,고졸
횡령,소년보호송치,경제적,불화,중,정상,없음,학생,고졸
횡령,소년보호송치,경제적,불화,중,정상,있음,학생,고졸
횡령,소년보호송치,경제적,불화,중,정상,있음,학생,고졸
횡령,소년보호송치,경제적,불화,중,정상,있음,학생,고졸
횡령,소년보호송치,경제적,불화,중,정상,있음,학생,고졸
횡령,기소유예,경제적,원만,중,정상,없음,학생,고졸
횡령,기소유예,경제적,원만,중,정상,없음,학생,고졸
횡령,기소유예,경제적,원만,중,정상,없음,학생,고졸
횡령,기소유예,경제적,원만,중,정상,없음,학생,고졸
횡령,기소유예,경제적,원만,중,정상,없음,학생,고졸
횡령,기소유예,경제적,원만,중,정상,없음,학생,고졸
횡령,기소유예,경제적,원만,중,정상,없음,학생,고졸
횡령,기소유예,경제적,원만,중,정상,없음,학생,고졸
횡령,기소유예,경제적,원만,중,정상,없음,학생,고졸
횡령,기소유예,경제적,원만,중,정상,없음,학생,고졸
횡령,기소유예,경제적,원만,중,정상,없음,학생,고졸
횡령,기소유예,경제적,원만,중,정상,없음,학생,고졸
횡령,기소유예,경제적,원만,중,정상,없음,학생,고졸
횡령,기소유예,경제적,원만,중,정상,없음,학생,고졸
횡령,기소유예,경제적,원만,중,정상,없음,학생,고졸
횡령,기소유예,경제적,원만,중,정상,없음,학생,고졸
횡령,기소유예,경제적,원만,중,정상,없음,학생,고졸
횡령,기소유예,경제적,원만,중,정상,없음,학생,고졸
횡령,기소유예,경제적,원만,중,정상,없음,학생,고졸
횡령,기소유예,경제적,원만,중,정상,없음,학생,고졸
횡령,기소유예,경제적,원만,중,정상,없음,학생,고졸
횡령,기소유예,경제적,원만,중,정상,없음,학생,고졸
횡령,기소유예,경제적,원만,중,정상,없음,학생,고졸
횡령,기소유예,경제적,원만,중,정상,없음,학생,고졸
횡령,기소유예,경제적,원만,중,정상,없음,학생,고졸
횡령,기소유예,경제적,원만,중,정상,없음,학생,고졸
횡령,기소유예,경제적,원만,중,정상,없음,학생,고졸
횡령,기소유예,경제적,원만,중,정상,없음,학생,고졸
횡령,기소유예,경제적,원만,중,정상,없음,학생,고졸
횡령,불송치,경제적,원만,중,정상,없음,학생,고졸
횡령,불송치,경제적,원만,중,정상,없음,학생,고졸
횡령,불송치,경제적,원만,중,정상,없음,학생,고졸
손괴,검찰송치,충동적,불화,중,정상,있음,학생,중졸
손괴,검찰송치,충동적,불화,중,정상,있음,학생,중졸
손괴,소년보호송치,충동적,불화,중,정상,있음,학생,중졸
손괴,소년보호송치,충동적,불화,중,정상,있음,학생,중졸
손괴,소년보호송치,충동적,불화,중,정상,있음,학생,중졸
손괴,소년보호송치,충동적,불화,하,정상,있음,학생,중졸
손괴,소년보호송치,충동적,불화,중,정상,없음,학생,중졸
손괴,소년보호송치,충동적,불화,하,정상,있음,학생,중졸
손괴,소년보호송치,충동적,불화,중,정상,있음,학생,중졸
손괴,소년보호송치,충동적,불화,하,정상,있음,학생,중졸
손괴,소년보호송치,충동적,불화,중,정상,없음,학생,중졸
손괴,소년보호송치,충동적,불화,중,정상,있음,학생,중졸
손괴,소년보호송치,충동적,불화,중,정상,있음,학생,중졸
손괴,소년보호송치,충동적,불화,중,정상,있음,학생,중졸
손괴,기소유예,충동적,불화,중,정상,없음,학생,중졸
손괴,기소유예,충동적,불화,하,정상,없음,학생,중졸
손괴,기소유예,충동적,불화,중,정상,없음,학생,중졸
손괴,기소유예,충동적,불화,중,정상,없음,학생,중졸
손괴,기소유예,충동적,불화,중,정상,없음,학생,중졸
손괴,기소유예,충동적,불화,중,정상,없음,학생,중졸
손괴,기소유예,충동적,불화,하,정상,없음,학생,중졸
손괴,기소유예,충동적,불화,중,정상,없음,학생,중졸
손괴,기소유예,충동적,불화,하,정상,없음,학생,중졸
손괴,기소유예,충동적,불화,중,정상,없음,학생,중졸
손괴,기소유예,충동적,불화,중,정상,없음,학생,중졸
손괴,기소유예,충동적,불화,중,정상,없음,학생,중졸
손괴,기소유예,충동적,불화,중,정상,없음,학생,중졸
손괴,기소유예,충동적,불화,하,정상,없음,학생,중졸
손괴,기소유예,충동적,불화,하,정상,없음,학생,중졸
손괴,기소유예,충동적,불화,하,정상,없음,학생,중졸
손괴,기소유예,충동적,불화,하,정상,없음,학생,중졸
손괴,불송치,충동적,불화,중,정상,없음,학생,중졸
손괴,불송치,충동적,불화,중,정상,없음,학생,중졸
손괴,불송치,충동적,불화,중,정상,없음,학생,중졸
손괴,불송치,충동적,불화,중,정상,없음,학생,중졸
손괴,불송치,충동적,불화,중,정상,없음,학생,중졸
손괴,불송치,충동적,불화,하,정상,없음,학생,중졸
손괴,불송치,충동적,불화,중,정상,없음,학생,중졸
손괴,불송치,충동적,불화,중,정상,없음,학생,중졸
살인,검찰송치,우발적,원만,하,정상,있음,학생,고졸
살인,소년보호송치,우발적,원만,하,정상,있음,학생,고졸
살인,기소유예,우발적,원만,중,정상,없음,학생,고졸
살인,불송치,우발적,원만,중,정상,없음,학생,고졸
강도,검찰송치,경제적,불화,하,정상,있음,무직,중퇴
강도,검찰송치,경제적,불화,하,정상,있음,무직,중퇴
강도,검찰송치,경제적,불화,하,정상,있음,무직,중퇴
강도,검찰송치,경제적,불화,하,정상,있음,무직,중퇴
강도,소년보호송치,경제적,불화,하,정상,있음,무직,중퇴
강도,소년보호송치,경제적,불화,하,정상,있음,무직,중퇴
강도,소년보호송치,경제적,불화,하,정상,있음,무직,중퇴
강도,기소유예,경제적,불화,중,정상,있음,무직,중퇴
강도,불송치,경제적,불화,중,정상,있음,무직,중퇴
방화,검찰송치,우발적,원만,하,정상,있음,학생,고졸
방화,소년보호송치,우발적,원만,중,정상,있음,학생,고졸
방화,기소유예,우발적,원만,중,정상,없음,학생,고졸
방화,기소유예,우발적,원만,중,정상,없음,학생,고졸
방화,불송치,우발적,원만,중,정상,없음,학생,고졸
성폭력,검찰송치,우발적,원만,중,정상,있음,학생,고졸
성폭력,검찰송치,우발적,원만,중,정상,있음,학생,고졸
성폭력,검찰송치,우발적,원만,하,정상,있음,학생,고졸
성폭력,검찰송치,우발적,원만,중,정상,있음,학생,고졸
성폭력,검찰송치,우발적,원만,중,정상,있음,학생,고졸
성폭력,검찰송치,우발적,원만,중,정상,있음,학생,고졸
성폭력,검찰송치,우발적,원만,중,정상,없음,학생,고졸
성폭력,검찰송치,우발적,원만,중,정상,있음,학생,고졸
성폭력,검찰송치,우발적,원만,중,정상,있음,학생,고졸
성폭력,검찰송치,우발적,원만,중,정상,없음,학생,고졸
성폭력,검찰송치,우발적,원만,하,정상,없음,학생,고졸
성폭력,검찰송치,우발적,원만,중,정상,없음,학생,고졸
성폭력,검찰송치,우발적,원만,중,정상,있음,학생,고졸
성폭력,검찰송치,우발적,원만,중,정상,있음,학생,고졸
성폭력,검찰송치,우발적,원만,중,정상,있음,학생,고졸
성폭력,검찰송치,우발적,원만,중,정상,있음,학생,고졸
성폭력,검찰송치,우발적,원만,하,정상,없음,학생,고졸
성폭력,검찰송치,우발적,원만,중,정상,있음,학생,고졸
성폭력,검찰송치,우발적,원만,중,정상,없음,학생,고졸
성폭력,검찰송치,우발적,원만,하,정상,있음,학생,고졸
성폭력,검찰송치,우발적,원만,중,정상,있음,학생,고졸
성폭력,검찰송치,우발적,원만,중,정상,있음,학생,고졸
성폭력,검찰송치,우발적,원만,중,정상,있음,학생,고졸
성폭력,소년보호송치,우발적,원만,중,정상,없음,학생,고졸
성폭력,소년보호송치,우발적,원만,중,정상,있음,학생,고졸
성폭력,소년보호송치,우발적,원만,중,정상,있음,학생,고졸
성폭력,소년보호송치,우발적,원만,중,정상,있음,학생,고졸
성폭력,소년보호송치,우발적,원만,하,정상,있음,학생,고졸
성폭력,소년보호송치,우발적,원만,중,정상,있음,학생,고졸
성폭력,소년보호송치,우발적,원만,중,정상,있음,학생,고졸
성폭력,소년보호송치,우발적,원만,중,정상,있음,학생,고졸
성폭력,소년보호송치,우발적,원만,중,정상,있음,학생,고졸
성폭력,소년보호송치,우발적,원만,중,정상,있음,학생,고졸
성폭력,소년보호송치,우발적,원만,중,정상,있음,학생,고졸
성폭력,소년보호송치,우발적,원만,중,정상,있음,학생,고졸
성폭력,소년보호송치,우발적,원만,중,정상,있음,학생,고졸
성폭력,소년보호송치,우발적,원만,중,정상,있음,학생,고졸
성폭력,소년보호송치,우발적,원만,중,정상,있음,학생,고졸
성폭력,소년보호송치,우발적,원만,중,정상,없음,학생,고졸
성폭력,소년보호송치,우발적,원만,하,정상,있음,학생,고졸
성폭력,소년보호송치,우발적,원만,하,정상,있음,학생,고졸
성폭력,소년보호송치,우발적,원만,중,정상,있음,학생,고졸
성폭력,소년보호송치,우발적,원만,중,정상,없음,학생,고졸
성폭력,소년보호송치,우발적,원만,중,정상,있음,학생,고졸
성폭력,소년보호송치,우발적,원만,하,정상,있음,학생,고졸
성폭력,소년보호송치,우발적,원만,중,정상,있음,학생,고졸
성폭력,소년보호송치,우발적,원만,하,정상,있음,학생,고졸
성폭력,소년보호송치,우발적,원만,중,정상,있음,학생,고졸
성폭력,소년보호송치,우발적,원만,중,정상,있음,학생,고졸
성폭력,소년보호송치,우발적,원만,중,정상,있음,학생,고졸
성폭력,소년보호송치,우발적,원만,하,정상,있음,학생,고졸
성폭력,소년보호송치,우발적,원만,중,정상,있음,학생,고졸
성폭력,소년보호송치,우발적,원만,하,정상,있음,학생,고졸
성폭력,소년보호송치,우발적,원만,중,정상,있음,학생,고졸
성폭력,소년보호송치,우발적,원만,중,정상,있음,학생,고졸
성폭력,소년보호송치,우발적,원만,중,정상,없음,학생,고졸
성폭력,소년보호송치,우발적,원만,하,정상,없음,학생,고졸
성폭력,소년보호송치,우발적,원만,중,정상,있음,학생,고졸
성폭력,소년보호송치,우발적,원만,하,정상,있음,학생,고졸
성폭력,소년보호송치,우발적,원만,중,정상,있음,학생,고졸
성폭력,소년보호송치,우발적,원만,중,정상,있음,학생,고졸
성폭력,소년보호송치,우발적,원만,중,정상,있음,학생,고졸
성폭력,소년보호송치,우발적,원만,중,정상,있음,학생,고졸
성폭력,소년보호송치,우발적,원만,중,정상,있음,학생,고졸
성폭력,소년보호송치,우발적,원만,중,정상,있음,학생,고졸
성폭력,소년보호송치,우발적,원만,중,정상,있음,학생,고졸
성폭력,소년보호송치,우발적,원만,중,정상,있음,학생,고졸
성폭력,소년보호송치,우발적,원만,중,정상,있음,학생,고졸
성폭력,소년보호송치,우발적,원만,중,정상,있음,학생,고졸
성폭력,소년보호송치,우발적,원만,중,정상,있음,학생,고졸
성폭력,소년보호송치,우발적,원만,하,정상,있음,학생,고졸
성폭력,소년보호송치,우발적,원만,중,정상,있음,학생,고졸
성폭력,소년보호송치,우발적,원만,중,정상,있음,학생,고졸
성폭력,소년보호송치,우발적,원만,중,정상,있음,학생,고졸
성폭력,소년보호송치,우발적,원만,중,정상,있음,학생,고졸
성폭력,소년보호송치,우발적,원만,중,정상,있음,학생,고졸
성폭력,기소유예,우발적,원만,중,정상,없음,학생,고졸
성폭력,기소유예,우발적,원만,하,정상,없음,학생,고졸
성폭력,기소유예,우발적,원만,중,정상,없음,학생,고졸
성폭력,기소유예,우발적,원만,중,정상,없음,학생,고졸
성폭력,기소유예,우발적,원만,중,정상,없음,학생,고졸
성폭력,기소유예,우발적,원만,중,정상,없음,학생,고졸
성폭력,기소유예,우발적,원만,중,정상,없음,학생,고졸
성폭력,기소유예,우발적,원만,중,정상,없음,학생,고졸
성폭력,기소유예,우발적,원만,하,정상,없음,학생,고졸
성폭력,기소유예,우발적,원만,중,정상,없음,학생,고졸
성폭력,기소유예,우발적,원만,중,정상,없음,학생,고졸
성폭력,기소유예,우발적,원만,중,정상,없음,학생,고졸
성폭력,기소유예,우발적,원만,하,정상,없음,학생,고졸
성폭력,기소유예,우발적,원만,중,정상,없음,학생,고졸
성폭력,기소유예,우발적,원만,중,정상,없음,학생,고졸
성폭력,기소유예,우발적,원만,중,정상,없음,학생,고졸
성폭력,기소유예,우발적,원만,중,정상,없음,학생,고졸
성폭력,기소유예,우발적,원만,중,정상,없음,학생,고졸
성폭력,기소유예,우발적,원만,하,정상,없음,학생,고졸
성폭력,기소유예,우발적,원만,중,정상,없음,학생,고졸
성폭력,기소유예,우발적,원만,중,정상,없음,학생,고졸
성폭력,기소유예,우발적,원만,중,정상,없음,학생,고졸
성폭력,기소유예,우발적,원만,중,정상,없음,학생,고졸
성폭력,기소유예,우발적,원만,중,정상,없음,학생,고졸
성폭력,기소유예,우발적,원만,하,정상,없음,학생,고졸
성폭력,기소유예,우발적,원만,중,정상,없음,학생,고졸
성폭력,기소유예,우발적,원만,중,정상,없음,학생,고졸
성폭력,기소유예,우발적,원만,중,정상,없음,학생,고졸
성폭력,기소유예,우발적,원만,하,정상,없음,학생,고졸
성폭력,기소유예,우발적,원만,중,정상,없음,학생,고졸
성폭력,기소유예,우발적,원만,중,정상,없음,학생,고졸
성폭력,기소유예,우발적,원만,중,정상,없음,학생,고졸
성폭력,기소유예,우발적,원만,중,정상,없음,학생,고졸
성폭력,불송치,우발적,원만,하,정상,없음,학생,고졸
성폭력,불송치,우발적,원만,중,정상,없음,학생,고졸
성폭력,불송치,우발적,원만,하,정상,없음,학생,고졸
성폭력,불송치,우발적,원만,중,정상,없음,학생,고졸
성폭력,불송치,우발적,원만,중,정상,없음,학생,고졸
성폭력,불송치,우발적,원만,중,정상,없음,학생,고졸
성폭력,불송치,우발적,원만,하,정상,없음,학생,고졸
성폭력,불송치,우발적,원만,하,정상,없음,학생,고졸
성폭력,불송치,우발적,원만,중,정상,없음,학생,고졸
성폭력,불송치,우발적,원만,하,정상,없음,학생,고졸
성폭력,불송치,우발적,원만,중,정상,없음,학생,고졸
성폭력,불송치,우발적,원만,중,정상,없음,학생,고졸
성폭력,불송치,우발적,원만,중,정상,없음,학생,고졸
성폭력,불송치,우발적,원만,중,정상,없음,학생,고졸
성폭력,불송치,우발적,원만,중,정상,없음,학생,고졸
성폭력,불송치,우발적,원만,하,정상,없음,학생,고졸
성폭력,불송치,우발적,원만,하,정상,없음,학생,고졸
성폭력,불송치,우발적,원만,중,정상,없음,학생,고졸
성폭력,불송치,우발적,원만,중,정상,없음,학생,고졸
성폭력,불송치,우발적,원만,중,정상,없음,학생,고졸
성폭력,불송치,우발적,원만,중,정상,없음,학생,고졸
성폭력,불송치,우발적,원만,중,정상,없음,학생,고졸
성폭력,불송치,우발적,원만,중,정상,없음,학생,고졸
성폭력,불송치,우발적,원만,중,정상,없음,학생,고졸
성폭력,불송치,우발적,원만,중,정상,없음,학생,고졸
성폭력,불송치,우발적,원만,중,정상,없음,학생,고졸
폭행,검찰송치,충동적,불화,중,정상,있음,학생,중졸
폭행,검찰송치,충동적,불화,하,정상,있음,학생,중졸
폭행,검찰송치,충동적,불화,하,정상,있음,학생,중졸
폭행,검찰송치,충동적,불화,하,정상,있음,학생,중졸
폭행,검찰송치,충동적,불화,중,정상,있음,학생,중졸
폭행,검찰송치,충동적,불화,하,정상,있음,학생,중졸
폭행,검찰송치,충동적,불화,하,정상,있음,학생,중졸
폭행,검찰송치,충동적,불화,하,정상,있음,학생,중졸
폭행,검찰송치,충동적,불화,중,정상,있음,학생,중졸
폭행,검찰송치,충동적,불화,하,정상,있음,학생,중졸
폭행,검찰송치,충동적,불화,하,정상,있음,학생,중졸
폭행,검찰송치,충동적,불화,중,정상,있음,학생,중졸
폭행,검찰송치,충동적,불화,중,정상,있음,학생,중졸
폭행,검찰송치,충동적,불화,하,정상,있음,학생,중졸
폭행,검찰송치,충동적,불화,중,정상,있음,학생,중졸
폭행,검찰송치,충동적,불화,하,정상,있음,학생,중졸
폭행,검찰송치,충동적,불화,하,정상,있음,학생,중졸
폭행,검찰송치,충동적,불화,하,정상,있음,학생,중졸
폭행,검찰송치,충동적,불화,하,정상,있음,학생,중졸
폭행,검찰송치,충동적,불화,중,정상,있음,학생,중졸
폭행,검찰송치,충동적,불화,하,정상,있음,학생,중졸
폭행,검찰송치,충동적,불화,하,정상,있음,학생,중졸
폭행,검찰송치,충동적,불화,하,정상,있음,학생,중졸
폭행,검찰송치,충동적,불화,중,정상,있음,학생,중졸
폭행,소년보호송치,충동적,불화,하,정상,있음,학생,중졸
폭행,소년보호송치,충동적,불화,중,정상,있음,학생,중졸
폭행,소년보호송치,충동적,불화,하,정상,있음,학생,중졸
폭행,소년보호송치,충동적,불화,하,정상,있음,학생,중졸
폭행,소년보호송치,충동적,불화,하,정상,있음,학생,중졸
폭행,소년보호송치,충동적,불화,하,정상,있음,학생,중졸
폭행,소년보호송치,충동적,불화,중,정상,있음,학생,중졸
폭행,소년보호송치,충동적,불화,하,정상,있음,학생,중졸
폭행,소년보호송치,충동적,불화,중,정상,있음,학생,중졸
폭행,소년보호송치,충동적,불화,하,정상,있음,학생,중졸
폭행,소년보호송치,충동적,불화,중,정상,있음,학생,중졸
폭행,소년보호송치,충동적,불화,중,정상,있음,학생,중졸
폭행,소년보호송치,충동적,불화,하,정상,있음,학생,중졸
폭행,소년보호송치,충동적,불화,중,정상,있음,학생,중졸
폭행,소년보호송치,충동적,불화,하,정상,있음,학생,중졸
폭행,소년보호송치,충동적,불화,하,정상,있음,학생,중졸
폭행,소년보호송치,충동적,불화,하,정상,있음,학생,중졸
폭행,소년보호송치,충동적,불화,중,정상,있음,학생,중졸
폭행,소년보호송치,충동적,불화,하,정상,있음,학생,중졸
폭행,소년보호송치,충동적,불화,중,정상,있음,학생,중졸
폭행,소년보호송치,충동적,불화,중,정상,있음,학생,중졸
폭행,소년보호송치,충동적,불화,중,정상,있음,학생,중졸
폭행,소년보호송치,충동적,불화,하,정상,있음,학생,중졸
폭행,소년보호송치,충동적,불화,하,정상,있음,학생,중졸
폭행,소년보호송치,충동적,불화,하,정상,있음,학생,중졸
폭행,소년보호송치,충동적,불화,하,정상,있음,학생,중졸
폭행,소년보호송치,충동적,불화,하,정상,있음,학생,중졸
폭행,소년보호송치,충동적,불화,중,정상,있음,학생,중졸
폭행,소년보호송치,충동적,불화,하,정상,있음,학생,중졸
폭행,소년보호송치,충동적,불화,중,정상,있음,학생,중졸
폭행,소년보호송치,충동적,불화,중,정상,있음,학생,중졸
폭행,소년보호송치,충동적,불화,하,정상,있음,학생,중졸
폭행,소년보호송치,충동적,불화,중,정상,있음,학생,중졸
폭행,소년보호송치,충동적,불화,중,정상,있음,학생,중졸
폭행,소년보호송치,충동적,불화,하,정상,있음,학생,중졸
폭행,소년보호송치,충동적,불화,하,정상,있음,학생,중졸
폭행,소년보호송치,충동적,불화,하,정상,있음,학생,중졸
폭행,소년보호송치,충동적,불화,하,정상,있음,학생,중졸
폭행,소년보호송치,충동적,불화,하,정상,있음,학생,중졸
폭행,소년보호송치,충동적,불화,중,정상,있음,학생,중졸
폭행,소년보호송치,충동적,불화,하,정상,있음,학생,중졸
폭행,소년보호송치,충동적,불화,중,정상,있음,학생,중졸
폭행,소년보호송치,충동적,불화,하,정상,있음,학생,중졸
폭행,소년보호송치,충동적,불화,하,정상,있음,학생,중졸
폭행,소년보호송치,충동적,불화,하,정상,있음,학생,중졸
폭행,소년보호송치,충동적,불화,하,정상,있음,학생,중졸
폭행,소년보호송치,충동적,불화,하,정상,있음,학생,중졸
폭행,소년보호송치,충동적,불화,하,정상,있음,학생,중졸
폭행,소년보호송치,충동적,불화,중,정상,있음,학생,중졸
폭행,소년보호송치,충동적,불화,하,정상,있음,학생,중졸
폭행,소년보호송치,충동적,불화,하,정상,있음,학생,중졸
폭행,소년보호송치,충동적,불화,하,정상,있음,학생,중졸
폭행,소년보호송치,충동적,불화,하,정상,있음,학생,중졸
폭행,소년보호송치,충동적,불화,중,정상,있음,학생,중졸
폭행,소년보호송치,충동적,불화,하,정상,있음,학생,중졸
폭행,소년보호송치,충동적,불화,하,정상,있음,학생,중졸
폭행,소년보호송치,충동적,불화,하,정상,있음,학생,중졸
폭행,소년보호송치,충동적,불화,하,정상,있음,학생,중졸
폭행,소년보호송치,충동적,불화,하,정상,있음,학생,중졸
폭행,소년보호송치,충동적,불화,중,정상,있음,학생,중졸
폭행,소년보호송치,충동적,불화,하,정상,있음,학생,중졸
폭행,소년보호송치,충동적,불화,하,정상,있음,학생,중졸
폭행,소년보호송치,충동적,불화,하,정상,있음,학생,중졸
폭행,소년보호송치,충동적,불화,하,정상,있음,학생,중졸
폭행,소년보호송치,충동적,불화,중,정상,있음,학생,중졸
폭행,소년보호송치,충동적,불화,하,정상,있음,학생,중졸
폭행,소년보호송치,충동적,불화,하,정상,있음,학생,중졸
폭행,소년보호송치,충동적,불화,하,정상,있음,학생,중졸
폭행,소년보호송치,충동적,불화,중,정상,있음,학생,중졸
폭행,소년보호송치,충동적,불화,하,정상,있음,학생,중졸
폭행,소년보호송치,충동적,불화,하,정상,있음,학생,중졸
폭행,소년보호송치,충동적,불화,하,정상,있음,학생,중졸
폭행,소년보호송치,충동적,불화,하,정상,있음,학생,중졸
폭행,소년보호송치,충동적,불화,하,정상,있음,학생,중졸
폭행,소년보호송치,충동적,불화,하,정상,있음,학생,중졸
폭행,소년보호송치,충동적,불화,하,정상,있음,학생,중졸
폭행,소년보호송치,충동적,불화,하,정상,있음,학생,중졸
폭행,소년보호송치,충동적,불화,하,정상,있음,학생,중졸
폭행,소년보호송치,충동적,불화,중,정상,있음,학생,중졸
폭행,소년보호송치,충동적,불화,하,정상,있음,학생,중졸
폭행,소년보호송치,충동적,불화,하,정상,있음,학생,중졸
폭행,소년보호송치,충동적,불화,하,정상,있음,학생,중졸
폭행,소년보호송치,충동적,불화,중,정상,있음,학생,중졸
폭행,소년보호송치,충동적,불화,하,정상,있음,학생,중졸
폭행,소년보호송치,충동적,불화,하,정상,있음,학생,중졸
폭행,소년보호송치,충동적,불화,하,정상,있음,학생,중졸
폭행,소년보호송치,충동적,불화,하,정상,있음,학생,중졸
폭행,기소유예,충동적,불화,중,정상,있음,학생,중졸
폭행,기소유예,충동적,불화,중,정상,있음,학생,중졸
폭행,기소유예,충동적,불화,중,정상,있음,학생,중졸
폭행,기소유예,충동적,불화,중,정상,있음,학생,중졸
폭행,기소유예,충동적,불화,중,정상,있음,학생,중졸
폭행,기소유예,충동적,불화,중,정상,있음,학생,중졸
폭행,기소유예,충동적,불화,중,정상,있음,학생,중졸
폭행,기소유예,충동적,불화,중,정상,있음,학생,중졸
폭행,기소유예,충동적,불화,중,정상,있음,학생,중졸
폭행,기소유예,충동적,불화,중,정상,있음,학생,중졸
폭행,기소유예,충동적,불화,중,정상,있음,학생,중졸
폭행,기소유예,충동적,불화,중,정상,있음,학생,중졸
폭행,기소유예,충동적,불화,중,정상,있음,학생,중졸
폭행,기소유예,충동적,불화,중,정상,있음,학생,중졸
폭행,기소유예,충동적,불화,중,정상,있음,학생,중졸
폭행,기소유예,충동적,불화,중,정상,있음,학생,중졸
폭행,기소유예,충동적,불화,중,정상,있음,학생,중졸
폭행,기소유예,충동적,불화,중,정상,있음,학생,중졸
폭행,기소유예,충동적,불화,중,정상,있음,학생,중졸
폭행,기소유예,충동적,불화,중,정상,있음,학생,중졸
폭행,기소유예,충동적,불화,중,정상,있음,학생,중졸
폭행,기소유예,충동적,불화,중,정상,있음,학생,중졸
폭행,기소유예,충동적,불화,중,정상,있음,학생,중졸
폭행,기소유예,충동적,불화,중,정상,있음,학생,중졸
폭행,기소유예,충동적,불화,중,정상,있음,학생,중졸
폭행,기소유예,충동적,불화,중,정상,있음,학생,중졸
폭행,기소유예,충동적,불화,중,정상,있음,학생,중졸
폭행,기소유예,충동적,불화,중,정상,있음,학생,중졸
폭행,기소유예,충동적,불화,중,정상,있음,학생,중졸
폭행,기소유예,충동적,불화,중,정상,있음,학생,중졸
폭행,기소유예,충동적,불화,중,정상,있음,학생,중졸
폭행,기소유예,충동적,불화,중,정상,있음,학생,중졸
폭행,기소유예,충동적,불화,중,정상,있음,학생,중졸
폭행,기소유예,충동적,불화,중,정상,있음,학생,중졸
폭행,기소유예,충동적,불화,중,정상,있음,학생,중졸
폭행,기소유예,충동적,불화,중,정상,있음,학생,중졸
폭행,기소유예,충동적,불화,중,정상,있음,학생,중졸
폭행,기소유예,충동적,불화,중,정상,있음,학생,중졸
폭행,기소유예,충동적,불화,중,정상,있음,학생,중졸
폭행,기소유예,충동적,불화,중,정상,있음,학생,중졸
폭행,기소유예,충동적,불화,중,정상,있음,학생,중졸
폭행,기소유예,충동적,불화,중,정상,있음,학생,중졸
폭행,기소유예,충동적,불화,중,정상,있음,학생,중졸
폭행,기소유예,충동적,불화,중,정상,있음,학생,중졸
폭행,기소유예,충동적,불화,중,정상,있음,학생,중졸
폭행,기소유예,충동적,불화,중,정상,있음,학생,중졸
폭행,기소유예,충동적,불화,중,정상,있음,학생,중졸
폭행,기소유예,충동적,불화,중,정상,있음,학생,중졸
폭행,기소유예,충동적,불화,중,정상,있음,학생,중졸
폭행,기소유예,충동적,불화,중,정상,있음,학생,중졸
폭행,기소유예,충동적,불화,중,정상,있음,학생,중졸
폭행,기소유예,충동적,불화,중,정상,있음,학생,중졸
폭행,기소유예,충동적,불화,중,정상,있음,학생,중졸
폭행,기소유예,충동적,불화,중,정상,있음,학생,중졸
폭행,기소유예,충동적,불화,중,정상,있음,학생,중졸
폭행,기소유예,충동적,불화,중,정상,있음,학생,중졸
폭행,기소유예,충동적,불화,중,정상,있음,학생,중졸
폭행,기소유예,충동적,불화,중,정상,있음,학생,중졸
폭행,기소유예,충동적,불화,중,정상,있음,학생,중졸
폭행,기소유예,충동적,불화,중,정상,있음,학생,중졸
폭행,기소유예,충동적,불화,중,정상,있음,학생,중졸
폭행,기소유예,충동적,불화,중,정상,있음,학생,중졸
폭행,기소유예,충동적,불화,중,정상,있음,학생,중졸
폭행,기소유예,충동적,불화,중,정상,있음,학생,중졸
폭행,기소유예,충동적,불화,중,정상,있음,학생,중졸
폭행,기소유예,충동적,불화,중,정상,있음,학생,중졸
폭행,기소유예,충동적,불화,중,정상,있음,학생,중졸
폭행,불송치,충동적,불화,중,정상,있음,학생,중졸
폭행,불송치,충동적,불화,중,정상,있음,학생,중졸
폭행,불송치,충동적,불화,중,정상,있음,학생,중졸
폭행,불송치,충동적,불화,중,정상,있음,학생,중졸
폭행,불송치,충동적,불화,중,정상,있음,학생,중졸
폭행,불송치,충동적,불화,중,정상,있음,학생,중졸
폭행,불송치,충동적,불화,중,정상,있음,학생,중졸
폭행,불송치,충동적,불화,중,정상,있음,학생,중졸
폭행,불송치,충동적,불화,중,정상,있음,학생,중졸
폭행,불송치,충동적,불화,중,정상,있음,학생,중졸
폭행,불송치,충동적,불화,중,정상,있음,학생,중졸
폭행,불송치,충동적,불화,중,정상,있음,학생,중졸
폭행,불송치,충동적,불화,중,정상,있음,학생,중졸
폭행,불송치,충동적,불화,중,정상,있음,학생,중졸
폭행,불송치,충동적,불화,중,정상,있음,학생,중졸
폭행,불송치,충동적,불화,중,정상,있음,학생,중졸
폭행,불송치,충동적,불화,중,정상,있음,학생,중졸
폭행,불송치,충동적,불화,중,정상,있음,학생,중졸
폭행,불송치,충동적,불화,중,정상,있음,학생,중졸
폭행,불송치,충동적,불화,중,정상,있음,학생,중졸
폭행,불송치,충동적,불화,중,정상,있음,학생,중졸
폭행,불송치,충동적,불화,중,정상,있음,학생,중졸
폭행,불송치,충동적,불화,중,정상,있음,학생,중졸
폭행,불송치,충동적,불화,중,정상,있음,학생,중졸
폭행,불송치,충동적,불화,중,정상,있음,학생,중졸
폭행,불송치,충동적,불화,중,정상,있음,학생,중졸
폭행,불송치,충동적,불화,중,정상,있음,학생,중졸
폭행,불송치,충동적,불화,중,정상,있음,학생,중졸
폭행,불송치,충동적,불화,중,정상,있음,학생,중졸
폭행,불송치,충동적,불화,중,정상,있음,학생,중졸
폭행,불송치,충동적,불화,중,정상,있음,학생,중졸
폭행,불송치,충동적,불화,중,정상,있음,학생,중졸
폭행,불송치,충동적,불화,중,정상,있음,학생,중졸
폭행,불송치,충동적,불화,중,정상,있음,학생,중졸
폭행,불송치,충동적,불화,중,정상,있음,학생,중졸
폭행,불송치,충동적,불화,중,정상,있음,학생,중졸
폭행,불송치,충동적,불화,중,정상,있음,학생,중졸
폭행,불송치,충동적,불화,중,정상,있음,학생,중졸
폭행,불송치,충동적,불화,중,정상,있음,학생,중졸
폭행,불송치,충동적,불화,중,정상,있음,학생,중졸
폭행,불송치,충동적,불화,중,정상,있음,학생,중졸
폭행,불송치,충동적,불화,중,정상,있음,학생,중졸
폭행,불송치,충동적,불화,중,정상,있음,학생,중졸
폭행,불송치,충동적,불화,중,정상,있음,학생,중졸
폭행,불송치,충동적,불화,중,정상,있음,학생,중졸
폭행,불송치,충동적,불화,중,정상,있음,학생,중졸
폭행,불송치,충동적,불화,중,정상,있음,학생,중졸
폭행,불송치,충동적,불화,중,정상,있음,학생,중졸
폭행,불송치,충동적,불화,중,정상,있음,학생,중졸
폭행,불송치,충동적,불화,중,정상,있음,학생,중졸
폭행,불송치,충동적,불화,중,정상,있음,학생,중졸
폭행,불송치,충동적,불화,중,정상,있음,학생,중졸
폭행,불송치,충동적,불화,중,정상,있음,학생,중졸
폭행,불송치,충동적,불화,중,정상,있음,학생,중졸
폭행,불송치,충동적,불화,중,정상,있음,학생,중졸
폭행,불송치,충동적,불화,중,정상,있음,학생,중졸
폭행,불송치,충동적,불화,중,정상,있음,학생,중졸
폭행,불송치,충동적,불화,중,정상,있음,학생,중졸
폭행,불송치,충동적,불화,중,정상,있음,학생,중졸
폭행,불송치,충동적,불화,중,정상,있음,학생,중졸
폭행,불송치,충동적,불화,중,정상,있음,학생,중졸
폭행,불송치,충동적,불화,중,정상,있음,학생,중졸
폭행,불송치,충동적,불화,중,정상,있음,학생,중졸
폭행,불송치,충동적,불화,중,정상,있음,학생,중졸
폭행,불송치,충동적,불화,중,정상,있음,학생,중졸
폭행,불송치,충동적,불화,중,정상,있음,학생,중졸
폭행,불송치,충동적,불화,중,정상,있음,학생,중졸
폭행,불송치,충동적,불화,중,정상,있음,학생,중졸
폭행,불송치,충동적,불화,중,정상,있음,학생,중졸
폭행,불송치,충동적,불화,중,정상,있음,학생,중졸
폭행,불송치,충동적,불화,중,정상,있음,학생,중졸
폭행,불송치,충동적,불화,중,정상,있음,학생,중졸
폭행,불송치,충동적,불화,중,정상,있음,학생,중졸
폭행,불송치,충동적,불화,중,정상,있음,학생,중졸
폭행,불송치,충동적,불화,중,정상,있음,학생,중졸
폭행,불송치,충동적,불화,중,정상,있음,학생,중졸
폭행,불송치,충동적,불화,중,정상,있음,학생,중졸
폭행,불송치,충동적,불화,중,정상,있음,학생,중졸
폭행,불송치,충동적,불화,중,정상,있음,학생,중졸
폭행,불송치,충동적,불화,중,정상,있음,학생,중졸
폭행,불송치,충동적,불화,중,정상,있음,학생,중졸
폭행,불송치,충동적,불화,중,정상,있음,학생,중졸
폭행,불송치,충동적,불화,중,정상,있음,학생,중졸
폭행,불송치,충동적,불화,중,정상,있음,학생,중졸
폭행,불송치,충동적,불화,중,정상,있음,학생,중졸
폭행,불송치,충동적,불화,중,정상,있음,학생,중졸
폭행,불송치,충동적,불화,중,정상,있음,학생,중졸
폭행,불송치,충동적,불화,중,정상,있음,학생,중졸
폭행,불송치,충동적,불화,중,정상,있음,학생,중졸
폭행,불송치,충동적,불화,중,정상,있음,학생,중졸
폭행,불송치,충동적,불화,중,정상,있음,학생,중졸
폭행,불송치,충동적,불화,중,정상,있음,학생,중졸
폭행,불송치,충동적,불화,중,정상,있음,학생,중졸
폭행,불송치,충동적,불화,중,정상,있음,학생,중졸
폭행,불송치,충동적,불화,중,정상,있음,학생,중졸
폭행,불송치,충동적,불화,중,정상,있음,학생,중졸
폭행,불송치,충동적,불화,중,정상,있음,학생,중졸
폭행,불송치,충동적,불화,중,정상,있음,학생,중졸
폭행,불송치,충동적,불화,중,정상,있음,학생,중졸
폭행,불송치,충동적,불화,중,정상,있음,학생,중졸
폭행,불송치,충동적,불화,중,정상,있음,학생,중졸
폭행,불송치,충동적,불화,중,정상,있음,학생,중졸
폭행,불송치,충동적,불화,중,정상,있음,학생,중졸
폭행,불송치,충동적,불화,중,정상,있음,학생,중졸
폭행,불송치,충동적,불화,중,정상,있음,학생,중졸
폭행,불송치,충동적,불화,중,정상,있음,학생,중졸
폭행,불송치,충동적,불화,중,정상,있음,학생,중졸
폭행,불송치,충동적,불화,중,정상,있음,학생,중졸
폭행,불송치,충동적,불화,중,정상,있음,학생,중졸
폭행,불송치,충동적,불화,중,정상,있음,학생,중졸
폭행,불송치,충동적,불화,중,정상,있음,학생,중졸
폭행,불송치,충동적,불화,중,정상,있음,학생,중졸
폭행,불송치,충동적,불화,중,정상,있음,학생,중졸
폭행,불송치,충동적,불화,중,정상,있음,학생,중졸
폭행,불송치,충동적,불화,중,정상,있음,학생,중졸
폭행,불송치,충동적,불화,중,정상,있음,학생,중졸
폭행,불송치,충동적,불화,중,정상,있음,학생,중졸
폭행,불송치,충동적,불화,중,정상,있음,학생,중졸
폭행,불송치,충동적,불화,중,정상,있음,학생,중졸
폭행,불송치,충동적,불화,중,정상,있음,학생,중졸
폭행,불송치,충동적,불화,중,정상,있음,학생,중졸
폭행,불송치,충동적,불화,중,정상,있음,학생,중졸
폭행,불송치,충동적,불화,중,정상,있음,학생,중졸
폭행,불송치,충동적,불화,중,정상,있음,학생,중졸
폭행,불송치,충동적,불화,중,정상,있음,학생,중졸
폭행,불송치,충동적,불화,중,정상,있음,학생,중졸
폭행,불송치,충동적,불화,중,정상,있음,학생,중졸
폭행,불송치,충동적,불화,중,정상,있음,학생,중졸
폭행,불송치,충동적,불화,중,정상,있음,학생,중졸
폭행,불송치,충동적,불화,중,정상,있음,학생,중졸
폭행,불송치,충동적,불화,중,정상,있음,학생,중졸
폭행,불송치,충동적,불화,중,정상,있음,학생,중졸
폭행,불송치,충동적,불화,중,정상,있음,학생,중졸
폭행,불송치,충동적,불화,중,정상,있음,학생,중졸
폭행,불송치,충동적,불화,중,정상,있음,학생,중졸
폭행,불송치,충동적,불화,중,정상,있음,학생,중졸
폭행,불송치,충동적,불화,중,정상,있음,학생,중졸
폭행,불송치,충동적,불화,중,정상,있음,학생,중졸
폭행,불송치,충동적,불화,중,정상,있음,학생,중졸
폭행,불송치,충동적,불화,중,정상,있음,학생,중졸
폭행,불송치,충동적,불화,중,정상,있음,학생,중졸
폭행,불송치,충동적,불화,중,정상,있음,학생,중졸
폭행,불송치,충동적,불화,중,정상,있음,학생,중졸
폭행,불송치,충동적,불화,중,정상,있음,학생,중졸
폭행,불송치,충동적,불화,중,정상,있음,학생,중졸
폭행,불송치,충동적,불화,중,정상,있음,학생,중졸
폭행,불송치,충동적,불화,중,정상,있음,학생,중졸
폭행,불송치,충동적,불화,중,정상,있음,학생,중졸
폭행,불송치,충동적,불화,중,정상,있음,학생,중졸
폭행,불송치,충동적,불화,중,정상,있음,학생,중졸
폭행,불송치,충동적,불화,중,정상,있음,학생,중졸
폭행,불송치,충동적,불화,중,정상,있음,학생,중졸
폭행,불송치,충동적,불화,중,정상,있음,학생,중졸
폭행,불송치,충동적,불화,중,정상,있음,학생,중졸
폭행,불송치,충동적,불화,중,정상,있음,학생,중졸
폭행,불송치,충동적,불화,중,정상,있음,학생,중졸
폭행,불송치,충동적,불화,중,정상,있음,학생,중졸
폭행,불송치,충동적,불화,중,정상,있음,학생,중졸
폭행,불송치,충동적,불화,중,정상,있음,학생,중졸
폭행,불송치,충동적,불화,중,정상,있음,학생,중졸
폭행,불송치,충동적,불화,중,정상,있음,학생,중졸
폭행,불송치,충동적,불화,중,정상,있음,학생,중졸
폭행,불송치,충동적,불화,중,정상,있음,학생,중졸
폭행,불송치,충동적,불화,중,정상,있음,학생,중졸
폭행,불송치,충동적,불화,중,정상,있음,학생,중졸
폭행,불송치,충동적,불화,중,정상,있음,학생,중졸
폭행,불송치,충동적,불화,중,정상,있음,학생,중졸
폭행,불송치,충동적,불화,중,정상,있음,학생,중졸
폭행,불송치,충동적,불화,중,정상,있음,학생,중졸
폭행,불송치,충동적,불화,중,정상,있음,학생,중졸
폭행,불송치,충동적,불화,중,정상,있음,학생,중졸
폭행,불송치,충동적,불화,중,정상,있음,학생,중졸
폭행,불송치,충동적,불화,중,정상,있음,학생,중졸
폭행,불송치,충동적,불화,중,정상,있음,학생,중졸
폭행,불송치,충동적,불화,중,정상,있음,학생,중졸
폭행,불송치,충동적,불화,중,정상,있음,학생,중졸
폭행,불송치,충동적,불화,중,정상,있음,학생,중졸
폭행,불송치,충동적,불화,중,정상,있음,학생,중졸
폭행,불송치,충동적,불화,중,정상,있음,학생,중졸
폭행,불송치,충동적,불화,중,정상,있음,학생,중졸
폭행,불송치,충동적,불화,중,정상,있음,학생,중졸
폭행,불송치,충동적,불화,중,정상,있음,학생,중졸
폭행,불송치,충동적,불화,중,정상,있음,학생,중졸
폭행,불송치,충동적,불화,중,정상,있음,학생,중졸
폭행,불송치,충동적,불화,중,정상,있음,학생,중졸
폭행,불송치,충동적,불화,중,정상,있음,학생,중졸
폭행,불송치,충동적,불화,중,정상,있음,학생,중졸
폭행,불송치,충동적,불화,중,정상,있음,학생,중졸
폭행,불송치,충동적,불화,중,정상,있음,학생,중졸
폭행,불송치,충동적,불화,중,정상,있음,학생,중졸
폭행,불송치,충동적,불화,중,정상,있음,학생,중졸
폭행,불송치,충동적,불화,중,정상,있음,학생,중졸
폭행,불송치,충동적,불화,중,정상,있음,학생,중졸
폭행,불송치,충동적,불화,중,정상,있음,학생,중졸
폭행,불송치,충동적,불화,중,정상,있음,학생,중졸
폭행,불송치,충동적,불화,중,정상,있음,학생,중졸
폭행,불송치,충동적,불화,중,정상,있음,학생,중졸
폭행,불송치,충동적,불화,중,정상,있음,학생,중졸
폭행,불송치,충동적,불화,중,정상,있음,학생,중졸
폭행,불송치,충동적,불화,중,정상,있음,학생,중졸
폭행,불송치,충동적,불화,중,정상,있음,학생,중졸
폭행,불송치,충동적,불화,중,정상,있음,학생,중졸
폭행,불송치,충동적,불화,중,정상,있음,학생,중졸
폭행,불송치,충동적,불화,중,정상,있음,학생,중졸
폭행,불송치,충동적,불화,중,정상,있음,학생,중졸
폭행,불송치,충동적,불화,중,정상,있음,학생,중졸
폭행,불송치,충동적,불화,중,정상,있음,학생,중졸
폭행,불송치,충동적,불화,중,정상,있음,학생,중졸
폭행,불송치,충동적,불화,중,정상,있음,학생,중졸
폭행,불송치,충동적,불화,중,정상,있음,학생,중졸
폭행,불송치,충동적,불화,중,정상,있음,학생,중졸
폭행,불송치,충동적,불화,중,정상,있음,학생,중졸
폭행,불송치,충동적,불화,중,정상,있음,학생,중졸
폭행,불송치,충동적,불화,중,정상,있음,학생,중졸
폭행,불송치,충동적,불화,중,정상,있음,학생,중졸
폭행,불송치,충동적,불화,중,정상,있음,학생,중졸
폭행,불송치,충동적,불화,중,정상,있음,학생,중졸
폭행,불송치,충동적,불화,중,정상,있음,학생,중졸
폭행,불송치,충동적,불화,중,정상,있음,학생,중졸
폭행,불송치,충동적,불화,중,정상,있음,학생,중졸
폭행,불송치,충동적,불화,중,정상,있음,학생,중졸
폭행,불송치,충동적,불화,중,정상,있음,학생,중졸
폭행,불송치,충동적,불화,중,정상,있음,학생,중졸
폭행,불송치,충동적,불화,중,정상,있음,학생,중졸
폭행,불송치,충동적,불화,중,정상,있음,학생,중졸
폭행,불송치,충동적,불화,중,정상,있음,학생,중졸
폭행,불송치,충동적,불화,중,정상,있음,학생,중졸
폭행,불송치,충동적,불화,중,정상,있음,학생,중졸
폭행,불송치,충동적,불화,중,정상,있음,학생,중졸
폭행,불송치,충동적,불화,중,정상,있음,학생,중졸
폭행,불송치,충동적,불화,중,정상,있음,학생,중졸
폭행,불송치,충동적,불화,중,정상,있음,학생,중졸
폭행,불송치,충동적,불화,중,정상,있음,학생,중졸
폭행,불송치,충동적,불화,중,정상,있음,학생,중졸
폭행,불송치,충동적,불화,중,정상,있음,학생,중졸
폭행,불송치,충동적,불화,중,정상,있음,학생,중졸
폭행,불송치,충동적,불화,중,정상,있음,학생,중졸
폭행,불송치,충동적,불화,중,정상,있음,학생,중졸
폭행,불송치,충동적,불화,중,정상,있음,학생,중졸
폭행,불송치,충동적,불화,중,정상,있음,학생,중졸
폭행,불송치,충동적,불화,중,정상,있음,학생,중졸
상해,검찰송치,충동적,불화,하,정상,있음,학생,중졸
상해,검찰송치,충동적,불화,하,정상,있음,학생,중졸
상해,검찰송치,충동적,불화,하,정상,있음,학생,중졸
상해,검찰송치,충동적,불화,하,정상,있음,학생,중졸
상해,검찰송치,충동적,불화,하,정상,있음,학생,중졸
상해,검찰송치,충동적,불화,하,정상,있음,학생,중졸
상해,검찰송치,충동적,불화,하,정상,있음,학생,중졸
상해,검찰송치,충동적,불화,하,정상,있음,학생,중졸
상해,검찰송치,충동적,불화,하,정상,있음,학생,중졸
상해,검찰송치,충동적,불화,하,정상,있음,학생,중졸
상해,검찰송치,충동적,불화,중,정상,있음,학생,중졸
상해,검찰송치,충동적,불화,중,정상,있음,학생,중졸
상해,검찰송치,충동적,불화,하,정상,있음,학생,중졸
상해,검찰송치,충동적,불화,하,정상,있음,학생,중졸
상해,검찰송치,충동적,불화,하,정상,있음,학생,중졸
상해,검찰송치,충동적,불화,하,정상,있음,학생,중졸
상해,검찰송치,충동적,불화,하,정상,있음,학생,중졸
상해,검찰송치,충동적,불화,하,정상,있음,학생,중졸
상해,검찰송치,충동적,불화,하,정상,있음,학생,중졸
상해,검찰송치,충동적,불화,중,정상,있음,학생,중졸
상해,검찰송치,충동적,불화,중,정상,있음,학생,중졸
상해,검찰송치,충동적,불화,하,정상,있음,학생,중졸
상해,검찰송치,충동적,불화,하,정상,있음,학생,중졸
상해,검찰송치,충동적,불화,하,정상,있음,학생,중졸
상해,검찰송치,충동적,불화,하,정상,있음,학생,중졸
상해,검찰송치,충동적,불화,하,정상,있음,학생,중졸
상해,검찰송치,충동적,불화,하,정상,있음,학생,중졸
상해,검찰송치,충동적,불화,하,정상,있음,학생,중졸
상해,검찰송치,충동적,불화,하,정상,있음,학생,중졸
상해,검찰송치,충동적,불화,하,정상,있음,학생,중졸
상해,검찰송치,충동적,불화,하,정상,있음,학생,중졸
상해,검찰송치,충동적,불화,하,정상,있음,학생,중졸
상해,소년보호송치,충동적,불화,하,정상,있음,학생,중졸
상해,소년보호송치,충동적,불화,중,정상,있음,학생,중졸
상해,소년보호송치,충동적,불화,중,정상,있음,학생,중졸
상해,소년보호송치,충동적,불화,하,정상,있음,학생,중졸
상해,소년보호송치,충동적,불화,하,정상,있음,학생,중졸
상해,소년보호송치,충동적,불화,하,정상,있음,학생,중졸
상해,소년보호송치,충동적,불화,중,정상,있음,학생,중졸
상해,소년보호송치,충동적,불화,하,정상,있음,학생,중졸
상해,소년보호송치,충동적,불화,하,정상,있음,학생,중졸
상해,소년보호송치,충동적,불화,하,정상,있음,학생,중졸
상해,소년보호송치,충동적,불화,하,정상,있음,학생,중졸
상해,소년보호송치,충동적,불화,하,정상,있음,학생,중졸
상해,소년보호송치,충동적,불화,하,정상,있음,학생,중졸
상해,소년보호송치,충동적,불화,하,정상,있음,학생,중졸
상해,소년보호송치,충동적,불화,하,정상,있음,학생,중졸
상해,소년보호송치,충동적,불화,하,정상,있음,학생,중졸
상해,소년보호송치,충동적,불화,하,정상,있음,학생,중졸
상해,소년보호송치,충동적,불화,하,정상,있음,학생,중졸
상해,소년보호송치,충동적,불화,중,정상,있음,학생,중졸
상해,소년보호송치,충동적,불화,중,정상,있음,학생,중졸
상해,소년보호송치,충동적,불화,중,정상,있음,학생,중졸
상해,소년보호송치,충동적,불화,하,정상,있음,학생,중졸
상해,소년보호송치,충동적,불화,하,정상,있음,학생,중졸
상해,소년보호송치,충동적,불화,하,정상,있음,학생,중졸
상해,소년보호송치,충동적,불화,중,정상,있음,학생,중졸
상해,소년보호송치,충동적,불화,중,정상,있음,학생,중졸
상해,소년보호송치,충동적,불화,하,정상,있음,학생,중졸
상해,소년보호송치,충동적,불화,하,정상,있음,학생,중졸
상해,소년보호송치,충동적,불화,하,정상,있음,학생,중졸
상해,소년보호송치,충동적,불화,하,정상,있음,학생,중졸
상해,소년보호송치,충동적,불화,중,정상,있음,학생,중졸
상해,소년보호송치,충동적,불화,중,정상,있음,학생,중졸
상해,소년보호송치,충동적,불화,중,정상,있음,학생,중졸
상해,소년보호송치,충동적,불화,중,정상,있음,학생,중졸
상해,소년보호송치,충동적,불화,하,정상,있음,학생,중졸
상해,소년보호송치,충동적,불화,하,정상,있음,학생,중졸
상해,소년보호송치,충동적,불화,하,정상,있음,학생,중졸
상해,소년보호송치,충동적,불화,중,정상,있음,학생,중졸
상해,소년보호송치,충동적,불화,하,정상,있음,학생,중졸
상해,소년보호송치,충동적,불화,하,정상,있음,학생,중졸
상해,소년보호송치,충동적,불화,하,정상,있음,학생,중졸
상해,소년보호송치,충동적,불화,중,정상,있음,학생,중졸
상해,소년보호송치,충동적,불화,하,정상,있음,학생,중졸
상해,소년보호송치,충동적,불화,하,정상,있음,학생,중졸
상해,소년보호송치,충동적,불화,중,정상,있음,학생,중졸
상해,소년보호송치,충동적,불화,하,정상,있음,학생,중졸
상해,소년보호송치,충동적,불화,하,정상,있음,학생,중졸
상해,소년보호송치,충동적,불화,하,정상,있음,학생,중졸
상해,소년보호송치,충동적,불화,하,정상,있음,학생,중졸
상해,소년보호송치,충동적,불화,하,정상,있음,학생,중졸
상해,소년보호송치,충동적,불화,하,정상,있음,학생,중졸
상해,소년보호송치,충동적,불화,하,정상,있음,학생,중졸
상해,소년보호송치,충동적,불화,하,정상,있음,학생,중졸
상해,소년보호송치,충동적,불화,하,정상,있음,학생,중졸
상해,소년보호송치,충동적,불화,하,정상,있음,학생,중졸
상해,소년보호송치,충동적,불화,하,정상,있음,학생,중졸
상해,소년보호송치,충동적,불화,중,정상,있음,학생,중졸
상해,소년보호송치,충동적,불화,중,정상,있음,학생,중졸
상해,소년보호송치,충동적,불화,중,정상,있음,학생,중졸
상해,소년보호송치,충동적,불화,하,정상,있음,학생,중졸
상해,소년보호송치,충동적,불화,중,정상,있음,학생,중졸
상해,소년보호송치,충동적,불화,하,정상,있음,학생,중졸
상해,소년보호송치,충동적,불화,중,정상,있음,학생,중졸
상해,소년보호송치,충동적,불화,하,정상,있음,학생,중졸
상해,소년보호송치,충동적,불화,하,정상,있음,학생,중졸
상해,소년보호송치,충동적,불화,중,정상,있음,학생,중졸
상해,소년보호송치,충동적,불화,하,정상,있음,학생,중졸
상해,소년보호송치,충동적,불화,하,정상,있음,학생,중졸
상해,소년보호송치,충동적,불화,하,정상,있음,학생,중졸
상해,소년보호송치,충동적,불화,중,정상,있음,학생,중졸
상해,소년보호송치,충동적,불화,중,정상,있음,학생,중졸
상해,소년보호송치,충동적,불화,하,정상,있음,학생,중졸
상해,소년보호송치,충동적,불화,하,정상,있음,학생,중졸
상해,소년보호송치,충동적,불화,하,정상,있음,학생,중졸
상해,소년보호송치,충동적,불화,하,정상,있음,학생,중졸
상해,소년보호송치,충동적,불화,하,정상,있음,학생,중졸
상해,소년보호송치,충동적,불화,중,정상,있음,학생,중졸
상해,소년보호송치,충동적,불화,하,정상,있음,학생,중졸
상해,소년보호송치,충동적,불화,하,정상,있음,학생,중졸
상해,소년보호송치,충동적,불화,중,정상,있음,학생,중졸
상해,소년보호송치,충동적,불화,하,정상,있음,학생,중졸
상해,소년보호송치,충동적,불화,중,정상,있음,학생,중졸
상해,소년보호송치,충동적,불화,하,정상,있음,학생,중졸
상해,소년보호송치,충동적,불화,하,정상,있음,학생,중졸
상해,소년보호송치,충동적,불화,하,정상,있음,학생,중졸
상해,소년보호송치,충동적,불화,중,정상,있음,학생,중졸
상해,소년보호송치,충동적,불화,하,정상,있음,학생,중졸
상해,소년보호송치,충동적,불화,하,정상,있음,학생,중졸
상해,소년보호송치,충동적,불화,중,정상,있음,학생,중졸
상해,소년보호송치,충동적,불화,하,정상,있음,학생,중졸
상해,소년보호송치,충동적,불화,하,정상,있음,학생,중졸
상해,소년보호송치,충동적,불화,하,정상,있음,학생,중졸
상해,소년보호송치,충동적,불화,중,정상,있음,학생,중졸
상해,소년보호송치,충동적,불화,하,정상,있음,학생,중졸
상해,소년보호송치,충동적,불화,중,정상,있음,학생,중졸
상해,소년보호송치,충동적,불화,하,정상,있음,학생,중졸
상해,소년보호송치,충동적,불화,하,정상,있음,학생,중졸
상해,소년보호송치,충동적,불화,하,정상,있음,학생,중졸
상해,소년보호송치,충동적,불화,하,정상,있음,학생,중졸
상해,소년보호송치,충동적,불화,하,정상,있음,학생,중졸
상해,소년보호송치,충동적,불화,하,정상,있음,학생,중졸
상해,소년보호송치,충동적,불화,하,정상,있음,학생,중졸
상해,소년보호송치,충동적,불화,중,정상,있음,학생,중졸
상해,소년보호송치,충동적,불화,중,정상,있음,학생,중졸
상해,소년보호송치,충동적,불화,하,정상,있음,학생,중졸
상해,기소유예,충동적,불화,중,정상,있음,학생,중졸
상해,기소유예,충동적,불화,중,정상,있음,학생,중졸
상해,기소유예,충동적,불화,중,정상,있음,학생,중졸
상해,기소유예,충동적,불화,중,정상,있음,학생,중졸
상해,기소유예,충동적,불화,중,정상,있음,학생,중졸
상해,기소유예,충동적,불화,중,정상,있음,학생,중졸
상해,기소유예,충동적,불화,중,정상,있음,학생,중졸
상해,기소유예,충동적,불화,중,정상,있음,학생,중졸
상해,기소유예,충동적,불화,중,정상,있음,학생,중졸
상해,기소유예,충동적,불화,중,정상,있음,학생,중졸
상해,기소유예,충동적,불화,중,정상,있음,학생,중졸
상해,기소유예,충동적,불화,중,정상,있음,학생,중졸
상해,기소유예,충동적,불화,중,정상,있음,학생,중졸
상해,기소유예,충동적,불화,중,정상,있음,학생,중졸
상해,기소유예,충동적,불화,중,정상,있음,학생,중졸
상해,기소유예,충동적,불화,중,정상,있음,학생,중졸
상해,기소유예,충동적,불화,중,정상,있음,학생,중졸
상해,기소유예,충동적,불화,중,정상,있음,학생,중졸
상해,기소유예,충동적,불화,중,정상,있음,학생,중졸
상해,기소유예,충동적,불화,중,정상,있음,학생,중졸
상해,기소유예,충동적,불화,중,정상,있음,학생,중졸
상해,기소유예,충동적,불화,중,정상,있음,학생,중졸
상해,기소유예,충동적,불화,중,정상,있음,학생,중졸
상해,기소유예,충동적,불화,중,정상,있음,학생,중졸
상해,기소유예,충동적,불화,중,정상,있음,학생,중졸
상해,기소유예,충동적,불화,중,정상,있음,학생,중졸
상해,기소유예,충동적,불화,중,정상,있음,학생,중졸
상해,기소유예,충동적,불화,중,정상,있음,학생,중졸
상해,기소유예,충동적,불화,중,정상,있음,학생,중졸
상해,기소유예,충동적,불화,중,정상,있음,학생,중졸
상해,기소유예,충동적,불화,중,정상,있음,학생,중졸
상해,기소유예,충동적,불화,중,정상,있음,학생,중졸
상해,기소유예,충동적,불화,중,정상,있음,학생,중졸
상해,기소유예,충동적,불화,중,정상,있음,학생,중졸
상해,기소유예,충동적,불화,중,정상,있음,학생,중졸
상해,기소유예,충동적,불화,중,정상,있음,학생,중졸
상해,기소유예,충동적,불화,중,정상,있음,학생,중졸
상해,기소유예,충동적,불화,중,정상,있음,학생,중졸
상해,기소유예,충동적,불화,중,정상,있음,학생,중졸
상해,기소유예,충동적,불화,중,정상,있음,학생,중졸
상해,기소유예,충동적,불화,중,정상,있음,학생,중졸
상해,기소유예,충동적,불화,중,정상,있음,학생,중졸
상해,기소유예,충동적,불화,중,정상,있음,학생,중졸
상해,기소유예,충동적,불화,중,정상,있음,학생,중졸
상해,기소유예,충동적,불화,중,정상,있음,학생,중졸
상해,기소유예,충동적,불화,중,정상,있음,학생,중졸
상해,기소유예,충동적,불화,중,정상,있음,학생,중졸
상해,기소유예,충동적,불화,중,정상,있음,학생,중졸
상해,기소유예,충동적,불화,중,정상,있음,학생,중졸
상해,기소유예,충동적,불화,중,정상,있음,학생,중졸
상해,기소유예,충동적,불화,중,정상,있음,학생,중졸
상해,기소유예,충동적,불화,중,정상,있음,학생,중졸
상해,기소유예,충동적,불화,중,정상,있음,학생,중졸
상해,기소유예,충동적,불화,중,정상,있음,학생,중졸
상해,기소유예,충동적,불화,중,정상,있음,학생,중졸
상해,기소유예,충동적,불화,중,정상,있음,학생,중졸
상해,기소유예,충동적,불화,중,정상,있음,학생,중졸
상해,기소유예,충동적,불화,중,정상,있음,학생,중졸
상해,기소유예,충동적,불화,중,정상,있음,학생,중졸
상해,기소유예,충동적,불화,중,정상,있음,학생,중졸
상해,기소유예,충동적,불화,중,정상,있음,학생,중졸
상해,기소유예,충동적,불화,중,정상,있음,학생,중졸
상해,기소유예,충동적,불화,중,정상,있음,학생,중졸
상해,기소유예,충동적,불화,중,정상,있음,학생,중졸
상해,기소유예,충동적,불화,중,정상,있음,학생,중졸
상해,기소유예,충동적,불화,중,정상,있음,학생,중졸
상해,기소유예,충동적,불화,중,정상,있음,학생,중졸
상해,기소유예,충동적,불화,중,정상,있음,학생,중졸
상해,기소유예,충동적,불화,중,정상,있음,학생,중졸
상해,기소유예,충동적,불화,중,정상,있음,학생,중졸
상해,기소유예,충동적,불화,중,정상,있음,학생,중졸
상해,기소유예,충동적,불화,중,정상,있음,학생,중졸
상해,기소유예,충동적,불화,중,정상,있음,학생,중졸
상해,기소유예,충동적,불화,중,정상,있음,학생,중졸
상해,기소유예,충동적,불화,중,정상,있음,학생,중졸
상해,기소유예,충동적,불화,중,정상,있음,학생,중졸
상해,기소유예,충동적,불화,중,정상,있음,학생,중졸
상해,기소유예,충동적,불화,중,정상,있음,학생,중졸
상해,기소유예,충동적,불화,중,정상,있음,학생,중졸
상해,기소유예,충동적,불화,중,정상,있음,학생,중졸
상해,기소유예,충동적,불화,중,정상,있음,학생,중졸
상해,기소유예,충동적,불화,중,정상,있음,학생,중졸
상해,기소유예,충동적,불화,중,정상,있음,학생,중졸
상해,기소유예,충동적,불화,중,정상,있음,학생,중졸
상해,기소유예,충동적,불화,중,정상,있음,학생,중졸
상해,기소유예,충동적,불화,중,정상,있음,학생,중졸
상해,기소유예,충동적,불화,중,정상,있음,학생,중졸
상해,기소유예,충동적,불화,중,정상,있음,학생,중졸
상해,기소유예,충동적,불화,중,정상,있음,학생,중졸
상해,기소유예,충동적,불화,중,정상,있음,학생,중졸
상해,기소유예,충동적,불화,중,정상,있음,학생,중졸
상해,불송치,충동적,불화,중,정상,있음,학생,중졸
상해,불송치,충동적,불화,중,정상,있음,학생,중졸
상해,불송치,충동적,불화,중,정상,있음,학생,중졸
상해,불송치,충동적,불화,중,정상,있음,학생,중졸
상해,불송치,충동적,불화,중,정상,있음,학생,중졸
상해,불송치,충동적,불화,중,정상,있음,학생,중졸
상해,불송치,충동적,불화,중,정상,있음,학생,중졸
상해,불송치,충동적,불화,중,정상,있음,학생,중졸
상해,불송치,충동적,불화,중,정상,있음,학생,중졸
상해,불송치,충동적,불화,중,정상,있음,학생,중졸
상해,불송치,충동적,불화,중,정상,있음,학생,중졸
상해,불송치,충동적,불화,중,정상,있음,학생,중졸
상해,불송치,충동적,불화,중,정상,있음,학생,중졸
상해,불송치,충동적,불화,중,정상,있음,학생,중졸
상해,불송치,충동적,불화,중,정상,있음,학생,중졸
상해,불송치,충동적,불화,중,정상,있음,학생,중졸
상해,불송치,충동적,불화,중,정상,있음,학생,중졸
상해,불송치,충동적,불화,중,정상,있음,학생,중졸
상해,불송치,충동적,불화,중,정상,있음,학생,중졸
상해,불송치,충동적,불화,중,정상,있음,학생,중졸
상해,불송치,충동적,불화,중,정상,있음,학생,중졸
상해,불송치,충동적,불화,중,정상,있음,학생,중졸
상해,불송치,충동적,불화,중,정상,있음,학생,중졸
협박,검찰송치,감정적,불화,중,정상,있음,학생,고졸
협박,소년보호송치,감정적,불화,중,정상,없음,학생,고졸
협박,소년보호송치,감정적,불화,중,정상,없음,학생,고졸
협박,소년보호송치,감정적,불화,중,정상,있음,학생,고졸
협박,소년보호송치,감정적,불화,중,정상,있음,학생,고졸
협박,소년보호송치,감정적,불화,중,정상,없음,학생,고졸
협박,소년보호송치,감정적,불화,중,정상,없음,학생,고졸
협박,기소유예,감정적,불화,중,정상,없음,학생,고졸
협박,기소유예,감정적,불화,중,정상,없음,학생,고졸
협박,기소유예,감정적,원만,중,정상,없음,학생,고졸
협박,불송치,감정적,원만,중,정상,없음,학생,고졸
협박,불송치,감정적,원만,중,정상,없음,학생,고졸
협박,불송치,감정적,불화,중,정상,없음,학생,고졸
협박,불송치,감정적,원만,중,정상,없음,학생,고졸
협박,불송치,감정적,원만,중,정상,없음,학생,고졸
협박,불송치,감정적,불화,중,정상,없음,학생,고졸
협박,불송치,감정적,불화,중,정상,없음,학생,고졸
협박,불송치,감정적,불화,중,정상,없음,학생,고졸
협박,불송치,감정적,원만,중,정상,없음,학생,고졸
협박,불송치,감정적,원만,중,정상,없음,학생,고졸
공갈,검찰송치,우발적,불화,중,정상,있음,학생,고졸
공갈,검찰송치,우발적,불화,중,정상,있음,학생,고졸
공갈,검찰송치,우발적,불화,중,정상,있음,학생,고졸
공갈,검찰송치,우발적,불화,중,정상,있음,학생,고졸
공갈,검찰송치,우발적,불화,중,정상,없음,학생,고졸
공갈,검찰송치,우발적,불화,중,정상,없음,학생,고졸
공갈,소년보호송치,우발적,불화,중,정상,있음,학생,고졸
공갈,소년보호송치,우발적,불화,중,정상,없음,학생,고졸
공갈,소년보호송치,우발적,불화,중,정상,있음,학생,고졸
공갈,소년보호송치,우발적,원만,중,정상,있음,학생,고졸
공갈,소년보호송치,우발적,불화,중,정상,없음,학생,고졸
공갈,소년보호송치,우발적,불화,중,정상,있음,학생,고졸
공갈,소년보호송치,우발적,불화,중,정상,없음,학생,고졸
공갈,소년보호송치,우발적,불화,중,정상,있음,학생,고졸
공갈,소년보호송치,우발적,불화,중,정상,없음,학생,고졸
공갈,소년보호송치,우발적,불화,중,정상,없음,학생,고졸
공갈,소년보호송치,우발적,불화,중,정상,없음,학생,고졸
공갈,소년보호송치,우발적,원만,중,정상,있음,학생,고졸
공갈,소년보호송치,우발적,불화,중,정상,있음,학생,고졸
공갈,소년보호송치,우발적,불화,중,정상,없음,학생,고졸
공갈,소년보호송치,우발적,불화,중,정상,있음,학생,고졸
공갈,소년보호송치,우발적,불화,중,정상,없음,학생,고졸
공갈,소년보호송치,우발적,불화,중,정상,있음,학생,고졸
공갈,소년보호송치,우발적,불화,중,정상,없음,학생,고졸
공갈,소년보호송치,우발적,불화,중,정상,있음,학생,고졸
공갈,소년보호송치,우발적,불화,중,정상,있음,학생,고졸
공갈,소년보호송치,우발적,불화,중,정상,없음,학생,고졸
공갈,소년보호송치,우발적,불화,중,정상,있음,학생,고졸
공갈,소년보호송치,우발적,원만,중,정상,있음,학생,고졸
공갈,소년보호송치,우발적,불화,중,정상,없음,학생,고졸
공갈,소년보호송치,우발적,불화,중,정상,없음,학생,고졸
공갈,소년보호송치,우발적,불화,중,정상,있음,학생,고졸
공갈,소년보호송치,우발적,불화,중,정상,있음,학생,고졸
공갈,소년보호송치,우발적,불화,중,정상,없음,학생,고졸
공갈,소년보호송치,우발적,불화,중,정상,없음,학생,고졸
공갈,소년보호송치,우발적,원만,중,정상,있음,학생,고졸
공갈,소년보호송치,우발적,불화,중,정상,있음,학생,고졸
공갈,소년보호송치,우발적,불화,중,정상,없음,학생,고졸
공갈,소년보호송치,우발적,불화,중,정상,없음,학생,고졸
공갈,소년보호송치,우발적,불화,중,정상,없음,학생,고졸
공갈,소년보호송치,우발적,불화,중,정상,있음,학생,고졸
공갈,소년보호송치,우발적,불화,중,정상,있음,학생,고졸
공갈,소년보호송치,우발적,불화,중,정상,없음,학생,고졸
공갈,소년보호송치,우발적,불화,중,정상,없음,학생,고졸
공갈,소년보호송치,우발적,불화,중,정상,없음,학생,고졸
공갈,기소유예,우발적,원만,중,정상,없음,학생,고졸
공갈,기소유예,우발적,원만,중,정상,없음,학생,고졸
공갈,기소유예,우발적,원만,중,정상,없음,학생,고졸
공갈,기소유예,우발적,원만,중,정상,없음,학생,고졸
공갈,기소유예,우발적,원만,중,정상,없음,학생,고졸
공갈,기소유예,우발적,원만,중,정상,없음,학생,고졸
공갈,기소유예,우발적,원만,중,정상,없음,학생,고졸
공갈,기소유예,우발적,원만,중,정상,없음,학생,고졸
공갈,기소유예,우발적,원만,중,정상,없음,학생,고졸
공갈,기소유예,우발적,원만,중,정상,없음,학생,고졸
공갈,불송치,우발적,원만,중,정상,없음,학생,고졸
공갈,불송치,우발적,원만,중,정상,없음,학생,고졸
공갈,불송치,우발적,원만,중,정상,없음,학생,고졸
공갈,불송치,우발적,원만,중,정상,없음,학생,고졸
공갈,불송치,우발적,원만,중,정상,없음,학생,고졸
공갈,불송치,우발적,원만,중,정상,없음,학생,고졸
공갈,불송치,우발적,원만,중,정상,없음,학생,고졸
공갈,불송치,우발적,원만,중,정상,없음,학생,고졸
약취와유인,검찰송치,우발적,원만,중,정상,없음,학생,고졸
약취와유인,소년보호송치,우발적,원만,중,정상,있음,학생,고졸
약취와유인,기소유예,우발적,원만,중,정상,없음,학생,고졸
약취와유인,불송치,우발적,원만,중,정상,없음,학생,고졸
체포와감금,검찰송치,우발적,원만,하,정상,있음,학생,고졸
체포와감금,소년보호송치,우발적,원만,하,정상,있음,학생,고졸
체포와감금,소년보호송치,우발적,원만,하,정상,있음,학생,고졸
체포와감금,기소유예,우발적,원만,중,정상,없음,학생,고졸
체포와감금,불송치,우발적,원만,중,정상,없음,학생,고졸
체포와감금,불송치,우발적,원만,중,정상,없음,학생,고졸
"폭력행위등(손괴,강요,주거침입등)",검찰송치,우발적,원만,하,정상,있음,학생,고졸
"폭력행위등(손괴,강요,주거침입등)",소년보호송치,우발적,원만,중,정상,있음,학생,고졸
"폭력행위등(손괴,강요,주거침입등)",소년보호송치,우발적,원만,중,정상,있음,학생,고졸
"폭력행위등(손괴,강요,주거침입등)",소년보호송치,우발적,원만,중,정상,있음,학생,고졸
"폭력행위등(손괴,강요,주거침입등)",소년보호송치,우발적,원만,중,정상,있음,학생,고졸
"폭력행위등(손괴,강요,주거침입등)",소년보호송치,우발적,원만,중,정상,있음,학생,고졸
"폭력행위등(손괴,강요,주거침입등)",소년보호송치,우발적,원만,중,정상,있음,학생,고졸
"폭력행위등(손괴,강요,주거침입등)",기소유예,우발적,원만,중,정상,없음,학생,고졸
"폭력행위등(손괴,강요,주거침입등)",기소유예,우발적,원만,중,정상,없음,학생,고졸
"폭력행위등(손괴,강요,주거침입등)",기소유예,우발적,원만,중,정상,없음,학생,고졸
"폭력행위등(손괴,강요,주거침입등)",기소유예,우발적,원만,중,정상,없음,학생,고졸
"폭력행위등(손괴,강요,주거침입등)",기소유예,우발적,원만,중,정상,없음,학생,고졸
"폭력행위등(손괴,강요,주거침입등)",기소유예,우발적,원만,하,정상,없음,학생,고졸
"폭력행위등(손괴,강요,주거침입등)",기소유예,우발적,원만,중,정상,없음,학생,고졸
"폭력행위등(손괴,강요,주거침입등)",기소유예,우발적,원만,중,정상,없음,학생,고졸
"폭력행위등(손괴,강요,주거침입등)",기소유예,우발적,원만,하,정상,없음,학생,고졸
"폭력행위등(손괴,강요,주거침입등)",불송치,우발적,원만,중,정상,없음,학생,고졸
"폭력행위등(단체등의구성,활동)",검찰송치,우발적,원만,중,정상,있음,학생,고졸
"폭력행위등(단체등의구성,활동)",소년보호송치,우발적,원만,하,정상,있음,학생,고졸
"폭력행위등(단체등의구성,활동)",기소유예,우발적,원만,하,정상,없음,학생,고졸
"폭력행위등(단체등의구성,활동)",불송치,우발적,원만,중,정상,없음,학생,고졸
통화,검찰송치,우발적,원만,중,정상,있음,학생,고졸
통화,소년보호송치,우발적,원만,중,정상,있음,학생,고졸
통화,기소유예,우발적,원만,중,정상,없음,학생,고졸
통화,불송치,우발적,원만,중,정상,없음,학생,고졸
유가증권·인지·우표,검찰송치,우발적,원만,중,정상,있음,학생,고졸
유가증권·인지·우표,소년보호송치,우발적,원만,중,정상,있음,학생,고졸
유가증권·인지·우표,기소유예,우발적,원만,하,정상,없음,학생,고졸
유가증권·인지·우표,불송치,우발적,원만,중,정상,없음,학생,고졸
문서,검찰송치,우발적,원만,중,정상,없음,학생,고졸
문서,검찰송치,우발적,불화,중,정상,없음,학생,고졸
문서,소년보호송치,우발적,불화,중,정상,없음,학생,고졸
문서,소년보호송치,우발적,불화,중,정상,없음,학생,고졸
문서,소년보호송치,우발적,불화,중,정상,없음,학생,고졸
문서,소년보호송치,우발적,원만,중,정상,있음,학생,고졸
문서,소년보호송치,우발적,원만,중,정상,없음,학생,고졸
문서,소년보호송치,우발적,원만,중,정상,있음,학생,고졸
문서,소년보호송치,우발적,불화,중,정상,없음,학생,고졸
문서,소년보호송치,우발적,불화,중,정상,없음,학생,고졸
문서,소년보호송치,우발적,불화,중,정상,없음,학생,고졸
문서,소년보호송치,우발적,불화,중,정상,없음,학생,고졸
문서,소년보호송치,우발적,불화,중,정상,있음,학생,고졸
문서,소년보호송치,우발적,불화,중,정상,있음,학생,고졸
문서,소년보호송치,우발적,원만,중,정상,없음,학생,고졸
문서,소년보호송치,우발적,불화,중,정상,없음,학생,고졸
문서,소년보호송치,우발적,불화,중,정상,없음,학생,고졸
문서,소년보호송치,우발적,원만,중,정상,없음,학생,고졸
문서,소년보호송치,우발적,불화,중,정상,없음,학생,고졸
문서,기소유예,우발적,원만,중,정상,없음,학생,고졸
문서,기소유예,우발적,원만,중,정상,없음,학생,고졸
문서,기소유예,우발적,원만,중,정상,없음,학생,고졸
문서,기소유예,우발적,원만,중,정상,없음,학생,고졸
문서,기소유예,우발적,원만,중,정상,없음,학생,고졸
문서,기소유예,우발적,원만,중,정상,없음,학생,고졸
문서,기소유예,우발적,원만,중,정상,없음,학생,고졸
문서,기소유예,우발적,원만,중,정상,없음,학생,고졸
문서,기소유예,우발적,원만,중,정상,없음,학생,고졸
문서,기소유예,우발적,원만,중,정상,없음,학생,고졸
문서,기소유예,우발적,원만,중,정상,없음,학생,고졸
문서,기소유예,우발적,원만,중,정상,없음,학생,고졸
문서,기소유예,우발적,원만,중,정상,없음,학생,고졸
문서,기소유예,우발적,원만,중,정상,없음,학생,고졸
문서,기소유예,우발적,원만,중,정상,없음,학생,고졸
문서,기소유예,우발적,원만,중,정상,없음,학생,고졸
문서,기소유예,우발적,원만,중,정상,없음,학생,고졸
문서,기소유예,우발적,원만,중,정상,없음,학생,고졸
문서,기소유예,우발적,원만,중,정상,없음,학생,고졸
문서,기소유예,우발적,원만,중,정상,없음,학생,고졸
문서,기소유예,우발적,원만,중,정상,없음,학생,고졸
문서,기소유예,우발적,원만,중,정상,없음,학생,고졸
문서,기소유예,우발적,원만,중,정상,없음,학생,고졸
문서,기소유예,우발적,원만,중,정상,없음,학생,고졸
문서,기소유예,우발적,원만,중,정상,없음,학생,고졸
문서,기소유예,우발적,원만,중,정상,없음,학생,고졸
문서,불송치,우발적,원만,중,정상,없음,학생,고졸
문서,불송치,우발적,원만,중,정상,없음,학생,고졸
문서,불송치,우발적,원만,중,정상,없음,학생,고졸
